old_token,new_token
term0001,termaaa
term0002,termaab
term0003,termaac
term0004,termaad
term0005,termaae
term0006,termaaf
term0007,termaag
term0008,termaah
term0009,termaai
term0010,termaaj
term0011,termaak
term0012,termaal
term0013,termaam
term0014,termaan
term0015,termaao
term0016,termaap
term0017,termaaq
term0018,termaar
term0019,termaas
term0020,termaat
term0021,termaau
term0022,termaav
term0023,termaaw
term0024,termaax
term0025,termaay
term0026,termaaz
term0027,termaba
term0028,termabb
term0029,termabc
term0030,termabd
term0031,termabe
term0032,termabf
term0033,termabg
term0034,termabh
term0035,termabi
term0036,termabj
term0037,termabk
term0038,termabl
term0039,termabm
term0040,termabn
term0041,termabo
term0042,termabp
term0043,termabq
term0044,termabr
term0045,termabs
term0046,termabt
term0047,termabu
term0048,termabv
term0049,termabw
term0050,termabx
term0051,termaby
term0052,termabz
term0053,termaca
term0054,termacb
term0055,termacc
term0056,termacd
term0057,termace
term0058,termacf
term0059,termacg
term0060,termach
term0061,termaci
term0062,termacj
term0063,termack
term0064,termacl
term0065,termacm
term0066,termacn
term0067,termaco
term0068,termacp
term0069,termacq
term0070,termacr
term0071,termacs
term0072,termact
term0073,termacu
term0074,termacv
term0075,termacw
term0076,termacx
term0077,termacy
term0078,termacz
term0079,termada
term0080,termadb
term0081,termadc
term0082,termadd
term0083,termade
term0084,termadf
term0085,termadg
term0086,termadh
term0087,termadi
term0088,termadj
term0089,termadk
term0090,termadl
term0091,termadm
term0092,termadn
term0093,termado
term0094,termadp
term0095,termadq
term0096,termadr
term0097,termads
term0098,termadt
term0099,termadu
term0100,termadv
term0101,termadw
term0102,termadx
term0103,termady
term0104,termadz
term0105,termaea
term0106,termaeb
term0107,termaec
term0108,termaed
term0109,termaee
term0110,termaef
term0111,termaeg
term0112,termaeh
term0113,termaei
term0114,termaej
term0115,termaek
term0116,termael
term0117,termaem
term0118,termaen
term0119,termaeo
term0120,termaep
term0121,termaeq
term0122,termaer
term0123,termaes
term0124,termaet
term0125,termaeu
term0126,termaev
term0127,termaew
term0128,termaex
term0129,termaey
term0130,termaez
term0131,termafa
term0132,termafb
term0133,termafc
term0134,termafd
term0135,termafe
term0136,termaff
term0137,termafg
term0138,termafh
term0139,termafi
term0140,termafj
term0141,termafk
term0142,termafl
term0143,termafm
term0144,termafn
term0145,termafo
term0146,termafp
term0147,termafq
term0148,termafr
term0149,termafs
term0150,termaft
term0151,termafu
term0152,termafv
term0153,termafw
term0154,termafx
term0155,termafy
term0156,termafz
term0157,termaga
term0158,termagb
term0159,termagc
term0160,termagd
term0161,termage
term0162,termagf
term0163,termagg
term0164,termagh
term0165,termagi
term0166,termagj
term0167,termagk
term0168,termagl
term0169,termagm
term0170,termagn
term0171,termago
term0172,termagp
term0173,termagq
term0174,termagr
term0175,termags
term0176,termagt
term0177,termagu
term0178,termagv
term0179,termagw
term0180,termagx
term0181,termagy
term0182,termagz
term0183,termaha
term0184,termahb
term0185,termahc
term0186,termahd
term0187,termahe
term0188,termahf
term0189,termahg
term0190,termahh
term0191,termahi
term0192,termahj
term0193,termahk
term0194,termahl
term0195,termahm
term0196,termahn
term0197,termaho
term0198,termahp
term0199,termahq
term0200,termahr
term0201,termahs
term0202,termaht
term0203,termahu
term0204,termahv
term0205,termahw
term0206,termahx
term0207,termahy
term0208,termahz
term0209,termaia
term0210,termaib
term0211,termaic
term0212,termaid
term0213,termaie
term0214,termaif
term0215,termaig
term0216,termaih
term0217,termaii
term0218,termaij
term0219,termaik
term0220,termail
term0221,termaim
term0222,termain
term0223,termaio
term0224,termaip
term0225,termaiq
term0226,termair
term0227,termais
term0228,termait
term0229,termaiu
term0230,termaiv
term0231,termaiw
term0232,termaix
term0233,termaiy
term0234,termaiz
term0235,termaja
term0236,termajb
term0237,termajc
term0238,termajd
term0239,termaje
term0240,termajf
term0241,termajg
term0242,termajh
term0243,termaji
term0244,termajj
term0245,termajk
term0246,termajl
term0247,termajm
term0248,termajn
term0249,termajo
term0250,termajp
term0251,termajq
term0252,termajr
term0253,termajs
term0254,termajt
term0255,termaju
term0256,termajv
term0257,termajw
term0258,termajx
term0259,termajy
term0260,termajz
term0261,termaka
term0262,termakb
term0263,termakc
term0264,termakd
term0265,termake
term0266,termakf
term0267,termakg
term0268,termakh
term0269,termaki
term0270,termakj
term0271,termakk
term02722,termakl
term02723,termakm
term0273,termakn
term0274,termako
term0275,termakp
term0276,termakq
term0277,termakr
term0278,termaks
term0279,termakt
term0280,termaku
term0281,termakv
term0282,termakw
term0283,termakx
term0284,termaky
term0285,termakz
term0286,termala
term0287,termalb
term0288,termalc
term0289,termald
term0290,termale
term0291,termalf
term0292,termalg
term0293,termalh
term0294,termali
term0295,termalj
term0296,termalk
term0297,termall
term0298,termalm
term0299,termaln
term0300,termalo
term0301,termalp
term0302,termalq
term0303,termalr
term0304,termals
term0305,termalt
term0306,termalu
term0307,termalv
term0308,termalw
term0309,termalx
term0310,termaly
term0311,termalz
term0312,termama
term0313,termamb
term0314,termamc
term0315,termamd
term0316,termame
term0317,termamf
term0318,termamg
term0319,termamh
term0320,termami
term0321,termamj
term0322,termamk
term0323,termaml
term0324,termamm
term0325,termamn
term0326,termamo
term0327,termamp
term0328,termamq
term0329,termamr
term0330,termams
term0331,termamt
term0332,termamu
term0333,termamv
term0334,termamw
term0335,termamx
term0336,termamy
term0337,termamz
term0338,termana
term0339,termanb
term0340,termanc
term0341,termand
term0342,termane
term0343,termanf
term0344,termang
term0345,termanh
term0346,termani
term0347,termanj
term0348,termank
term0349,termanl
term0350,termanm
term0351,termann
term0352,termano
term0353,termanp
term0354,termanq
term0355,termanr
term0356,termans
term0357,termant
term0358,termanu
term0359,termanv
term0360,termanw
term0361,termanx
term0362,termany
term0363,termanz
term0364,termaoa
term0365,termaob
term0366,termaoc
term0367,termaod
term0368,termaoe
term0369,termaof
term0370,termaog
term0371,termaoh
term0372,termaoi
term0373,termaoj
term0374,termaok
term0375,termaol
term0376,termaom
term0377,termaon
term0378,termaoo
term0379,termaop
term0380,termaoq
term0381,termaor
term0382,termaos
term0383,termaot
term0384,termaou
term0385,termaov
term0386,termaow
term0387,termaox
term0388,termaoy
term0389,termaoz
term0390,termapa
term0391,termapb
term0392,termapc
term0393,termapd
term0394,termape
term0395,termapf
term0396,termapg
term0397,termaph
term0398,termapi
term0399,termapj
term0400,termapk
term0401,termapl
term0402,termapm
term0403,termapn
term0404,termapo
term0405,termapp
term0406,termapq
term0407,termapr
term0408,termaps
term0409,termapt
term0410,termapu
term0411,termapv
term0412,termapw
term0413,termapx
term0414,termapy
term0415,termapz
term0416,termaqa
term0417,termaqb
term0418,termaqc
term0419,termaqd
term0420,termaqe
term0421,termaqf
term0422,termaqg
term0423,termaqh
term0424,termaqi
term0425,termaqj
term0426,termaqk
term0427,termaql
term0428,termaqm
term0429,termaqn
term0430,termaqo
term0431,termaqp
term0432,termaqq
term0433,termaqr
term0434,termaqs
term0435,termaqt
term0436,termaqu
term0437,termaqv
term0438,termaqw
term0439,termaqx
term0440,termaqy
term0441,termaqz
term0442,termara
term0443,termarb
term0444,termarc
term0445,termard
term0446,termare
term0447,termarf
term0448,termarg
term0449,termarh
term0450,termari
term0451,termarj
term0452,termark
term0453,termarl
term0454,termarm
term0455,termarn
term0456,termaro
term0457,termarp
term0458,termarq
term0459,termarr
term0460,termars
term0461,termart
term0462,termaru
term0463,termarv
term0464,termarw
term0465,termarx
term0466,termary
term0467,termarz
term0468,termasa
term0469,termasb
term0470,termasc
term0471,termasd
term0472,termase
term0473,termasf
term0474,termasg
term0475,termash
term0476,termasi
term0477,termasj
term0478,termask
term0479,termasl
term0480,termasm
term0481,termasn
term0482,termaso
term0483,termasp
term0484,termasq
term0485,termasr
term0486,termass
term0487,termast
term0488,termasu
term0489,termasv
term0490,termasw
term0491,termasx
term0492,termasy
term0493,termasz
term0494,termata
term0495,termatb
term0496,termatc
term0497,termatd
term0498,termate
term0499,termatf
term0500,termatg
term0501,termath
term0502,termati
term0503,termatj
term0504,termatk
term0505,termatl
term0506,termatm
term0507,termatn
term0508,termato
term0509,termatp
term0510,termatq
term0511,termatr
term0512,termats
term0513,termatt
term0514,termatu
term0515,termatv
term0516,termatw
term0517,termatx
term0518,termaty
term0519,termatz
term0520,termaua
term0521,termaub
term0522,termauc
term0523,termaud
term0524,termaue
term0525,termauf
term0526,termaug
term0527,termauh
term0528,termaui
term0529,termauj
term0530,termauk
term0531,termaul
term0532,termaum
term0533,termaun
term0534,termauo
term0535,termaup
term0536,termauq
term0537,termaur
term0538,termaus
term0539,termaut
term0540,termauu
term0541,termauv
term0542,termauw
term0543,termaux
term0544,termauy
term0545,termauz
term0546,termava
term0547,termavb
term0548,termavc
term0549,termavd
term0550,termave
term0551,termavf
term0552,termavg
term0553,termavh
term0554,termavi
term0555,termavj
term0556,termavk
term0557,termavl
term0558,termavm
term0559,termavn
term0560,termavo
term0561,termavp
term0562,termavq
term0563,termavr
term0564,termavs
term0565,termavt
term0566,termavu
term0567,termavv
term0568,termavw
term0569,termavx
term0570,termavy
term0571,termavz
term0572,termawa
term0573,termawb
term0574,termawc
term0575,termawd
term0576,termawe
term0577,termawf
term0578,termawg
term0579,termawh
term0580,termawi
term0581,termawj
term0582,termawk
term0583,termawl
term0584,termawm
term0585,termawn
term0586,termawo
term0587,termawp
term0588,termawq
term0589,termawr
term0590,termaws
term0591,termawt
term0592,termawu
term0593,termawv
term0594,termaww
term0595,termawx
term0596,termawy
term0597,termawz
term0598,termaxa
term0599,termaxb
term0600,termaxc
term0601,termaxd
term0602,termaxe
term0603,termaxf
term0604,termaxg
term0605,termaxh
term0606,termaxi
term0607,termaxj
term0608,termaxk
term0609,termaxl
term0610,termaxm
term0611,termaxn
term0612,termaxo
term0613,termaxp
term0614,termaxq
term0615,termaxr
term0616,termaxs
term0617,termaxt
term0618,termaxu
term0619,termaxv
term0620,termaxw
term0621,termaxx
term0622,termaxy
term0623,termaxz
term0624,termaya
term0625,termayb
term0626,termayc
term0627,termayd
term0628,termaye
term0629,termayf
term0630,termayg
term0631,termayh
term0632,termayi
term0633,termayj
term0634,termayk
term0635,termayl
term0636,termaym
term0637,termayn
term0638,termayo
term0639,termayp
term0640,termayq
term0641,termayr
term0642,termays
term0643,termayt
term0644,termayu
term0645,termayv
term0646,termayw
term0647,termayx
term0648,termayy
term0649,termayz
term0650,termaza
term0651,termazb
term0652,termazc
term0653,termazd
term0654,termaze
term0655,termazf
term0656,termazg
term0657,termazh
term0658,termazi
term0659,termazj
term0660,termazk
term0661,termazl
term0662,termazm
term0663,termazn
term0664,termazo
term0665,termazp
term0666,termazq
term0667,termazr
term0668,termazs
term0669,termazt
term0670,termazu
term0671,termazv
term0672,termazw
term0673,termazx
term0674,termazy
term0675,termazz
term0676,termbaa
term0677,termbab
term0678,termbac
term0679,termbad
term0680,termbae
term0681,termbaf
term0682,termbag
term0683,termbah
term0684,termbai
term0685,termbaj
term0686,termbak
term0687,termbal
term0688,termbam
term0689,termban
term0690,termbao
term0691,termbap
term0692,termbaq
term0693,termbar
term0694,termbas
term0695,termbat
term0696,termbau
term0697,termbav
term0698,termbaw
term0699,termbax
term0700,termbay
term0701,termbaz
term0702,termbba
term0703,termbbb
term0704,termbbc
term0705,termbbd
term0706,termbbe
term0707,termbbf
term0708,termbbg
term0709,termbbh
term0710,termbbi
term0711,termbbj
term0712,termbbk
term0713,termbbl
term0714,termbbm
term0715,termbbn
term0716,termbbo
term0717,termbbp
term0718,termbbq
term0719,termbbr
term0720,termbbs
term0721,termbbt
term0722,termbbu
term0723,termbbv
term0724,termbbw
term0725,termbbx
term0726,termbby
term0727,termbbz
term0728,termbca
term0729,termbcb
term0730,termbcc
term0731,termbcd
term0732,termbce
term0733,termbcf
term0734,termbcg
term0735,termbch
term0736,termbci
term0737,termbcj
term0738,termbck
term0739,termbcl
term0740,termbcm
term0741,termbcn
term0742,termbco
term0743,termbcp
term0744,termbcq
term0745,termbcr
term0746,termbcs
term0747,termbct
term0748,termbcu
term0749,termbcv
term0750,termbcw
term0751,termbcx
term0752,termbcy
term0753,termbcz
term0754,termbda
term0755,termbdb
term0756,termbdc
term0757,termbdd
term0758,termbde
term0759,termbdf
term0760,termbdg
term0761,termbdh
term0762,termbdi
term0763,termbdj
term0764,termbdk
term0765,termbdl
term0766,termbdm
term0767,termbdn
term0768,termbdo
term0769,termbdp
term0770,termbdq
term0771,termbdr
term0772,termbds
term0773,termbdt
term0774,termbdu
term0775,termbdv
term0776,termbdw
term0777,termbdx
term0778,termbdy
term0779,termbdz
term0780,termbea
term0781,termbeb
term0782,termbec
term0783,termbed
term0784,termbee
term0785,termbef
term0786,termbeg
term0787,termbeh
term0788,termbei
term0789,termbej
term0790,termbek
term0791,termbel
term0792,termbem
term0793,termben
term0794,termbeo
term0795,termbep
term0796,termbeq
term0797,termber
term0798,termbes
term0799,termbet
term0800,termbeu
term0801,termbev
term0802,termbew
term0803,termbex
term0804,termbey
term0805,termbez
term0806,termbfa
term0807,termbfb
term0808,termbfc
term0809,termbfd
term0810,termbfe
term0811,termbff
term0812,termbfg
term0813,termbfh
term0814,termbfi
term0815,termbfj
term0816,termbfk
term0817,termbfl
term0818,termbfm
term0819,termbfn
term0820,termbfo
term0821,termbfp
term0822,termbfq
term0823,termbfr
term0824,termbfs
term0825,termbft
term0826,termbfu
term0827,termbfv
term0828,termbfw
term0829,termbfx
term0830,termbfy
term0831,termbfz
term0832,termbga
term0833,termbgb
term0834,termbgc
term0835,termbgd
term0836,termbge
term0837,termbgf
term0838,termbgg
term0839,termbgh
term0840,termbgi
term0841,termbgj
term0842,termbgk
term0843,termbgl
term0844,termbgm
term0845,termbgn
term0846,termbgo
term0847,termbgp
term0848,termbgq
term0849,termbgr
term0850,termbgs
term0851,termbgt
term0852,termbgu
term0853,termbgv
term0854,termbgw
term0855,termbgx
term0856,termbgy
term0857,termbgz
term0858,termbha
term0859,termbhb
term0860,termbhc
term0861,termbhd
term0862,termbhe
term0863,termbhf
term0864,termbhg
term0865,termbhh
term0866,termbhi
term0867,termbhj
term0868,termbhk
term0869,termbhl
term0870,termbhm
term0871,termbhn
term0872,termbho
term0873,termbhp
term0874,termbhq
term0875,termbhr
term0876,termbhs
term0877,termbht
term0878,termbhu
term0879,termbhv
term0880,termbhw
term0881,termbhx
term0882,termbhy
term0883,termbhz
term0884,termbia
term0885,termbib
term0886,termbic
term0887,termbid
term0888,termbie
term0889,termbif
term0890,termbig
term0891,termbih
term0892,termbii
term0893,termbij
term0894,termbik
term0895,termbil
term0896,termbim
term0897,termbin
term0898,termbio
term0899,termbip
term0900,termbiq
term0901,termbir
term0902,termbis
term0903,termbit
term0904,termbiu
term0905,termbiv
term0906,termbiw
term0907,termbix
term0908,termbiy
term0909,termbiz
term0910,termbja
term0911,termbjb
term0912,termbjc
term0913,termbjd
term0914,termbje
term0915,termbjf
term0916,termbjg
term0917,termbjh
term0918,termbji
term0919,termbjj
term0920,termbjk
term0921,termbjl
term0922,termbjm
term0923,termbjn
term0924,termbjo
term0925,termbjp
term0926,termbjq
term0927,termbjr
term0928,termbjs
term0929,termbjt
term0930,termbju
term0931,termbjv
term0932,termbjw
term0933,termbjx
term0934,termbjy
term0935,termbjz
term0936,termbka
term0937,termbkb
term0938,termbkc
term0939,termbkd
term0940,termbke
term0941,termbkf
term0942,termbkg
term0943,termbkh
term0944,termbki
term0945,termbkj
term0946,termbkk
term0947,termbkl
term0948,termbkm
term0949,termbkn
term0950,termbko
term0951,termbkp
term0952,termbkq
term0953,termbkr
term0954,termbks
term0955,termbkt
term0956,termbku
term0957,termbkv
term0958,termbkw
term0959,termbkx
term0960,termbky
term0961,termbkz
term0962,termbla
term0963,termblb
term0964,termblc
term0965,termbld
term0966,termble
term0967,termblf
term0968,termblg
term0969,termblh
term0970,termbli
term0971,termblj
term0972,termblk
term0973,termbll
term0974,termblm
term0975,termbln
term0976,termblo
term0977,termblp
term0978,termblq
term0979,termblr
term0980,termbls
term0981,termblt
term0982,termblu
term0983,termblv
term0984,termblw
term0985,termblx
term0986,termbly
term0987,termblz
term0988,termbma
term0989,termbmb
term0990,termbmc
term0991,termbmd
term0992,termbme
term0993,termbmf
term0994,termbmg
term0995,termbmh
term0996,termbmi
term0997,termbmj
term0998,termbmk
term0999,termbml
term1000,termbmm
term1001,termbmn
term1002,termbmo
term1003,termbmp
term1004,termbmq
term1005,termbmr
term1006,termbms
term1007,termbmt
term1008,termbmu
term1009,termbmv
term1010,termbmw
term1011,termbmx
term1012,termbmy
term1013,termbmz
term1014,termbna
term1015,termbnb
term1016,termbnc
term1017,termbnd
term1018,termbne
term1019,termbnf
term1020,termbng
term1021,termbnh
term1022,termbni
term1023,termbnj
term1024,termbnk
term1025,termbnl
term1026,termbnm
term1027,termbnn
term1028,termbno
term1029,termbnp
term1030,termbnq
term1031,termbnr
term1032,termbns
term1033,termbnt
term1034,termbnu
term1035,termbnv
term1036,termbnw
term1037,termbnx
term1038,termbny
term1039,termbnz
term1040,termboa
term1041,termbob
term1042,termboc
term1043,termbod
term1044,termboe
term1045,termbof
term1046,termbog
term1047,termboh
term1048,termboi
term1049,termboj
term1050,termbok
term1051,termbol
term1052,termbom
term1053,termbon
term1054,termboo
term1055,termbop
term1056,termboq
term1057,termbor
term1058,termbos
term1059,termbot
term1060,termbou
term1061,termbov
term1062,termbow
term1063,termbox
term1064,termboy
term1065,termboz
term1066,termbpa
term1067,termbpb
term1068,termbpc
term1069,termbpd
term1070,termbpe
term1071,termbpf
term1072,termbpg
term1073,termbph
term1074,termbpi
term1075,termbpj
term1076,termbpk
term1077,termbpl
term1078,termbpm
term1079,termbpn
term1080,termbpo
term1081,termbpp
term1082,termbpq
term1083,termbpr
term1084,termbps
term1085,termbpt
term1086,termbpu
term1087,termbpv
term1088,termbpw
term1089,termbpx
term1090,termbpy
term1091,termbpz
term1092,termbqa
term1093,termbqb
term1094,termbqc
term1095,termbqd
term1096,termbqe
term1097,termbqf
term1098,termbqg
term1099,termbqh
term1100,termbqi
term1101,termbqj
term1102,termbqk
term1103,termbql
term1104,termbqm
term1105,termbqn
term1106,termbqo
term1107,termbqp
term1108,termbqq
term1109,termbqr
term1110,termbqs
term1111,termbqt
term1112,termbqu
term1113,termbqv
term1114,termbqw
term1115,termbqx
term1116,termbqy
term1117,termbqz
term1118,termbra
term1119,termbrb
term1120,termbrc
term1121,termbrd
term1122,termbre
term1123,termbrf
term1124,termbrg
term1125,termbrh
term1126,termbri
term1127,termbrj
term1128,termbrk
term1129,termbrl
term1130,termbrm
term1131,termbrn
term1132,termbro
term1133,termbrp
term1134,termbrq
term1135,termbrr
term1136,termbrs
term1137,termbrt
term1138,termbru
term1139,termbrv
term1140,termbrw
term1141,termbrx
term1142,termbry
term1143,termbrz
term1144,termbsa
term1145,termbsb
term1146,termbsc
term1147,termbsd
term1148,termbse
term1149,termbsf
term1150,termbsg
term1151,termbsh
term1152,termbsi
term1153,termbsj
term1154,termbsk
term1155,termbsl
term1156,termbsm
term1157,termbsn
term1158,termbso
term1159,termbsp
term1160,termbsq
term1161,termbsr
term1162,termbss
term1163,termbst
term1164,termbsu
term1165,termbsv
term1166,termbsw
term1167,termbsx
term1168,termbsy
term1169,termbsz
term1170,termbta
term1171,termbtb
term1172,termbtc
term1173,termbtd
term1174,termbte
term1175,termbtf
term1176,termbtg
term1177,termbth
term1178,termbti
term1179,termbtj
term1180,termbtk
term1181,termbtl
term1182,termbtm
term1183,termbtn
term1184,termbto
term1185,termbtp
term1186,termbtq
term1187,termbtr
term1188,termbts
term1189,termbtt
term1190,termbtu
term1191,termbtv
term1192,termbtw
term1193,termbtx
term1194,termbty
term1195,termbtz
term1196,termbua
term1197,termbub
term1198,termbuc
term1199,termbud
term1200,termbue
term1201,termbuf
term1202,termbug
term1203,termbuh
term1204,termbui
term1205,termbuj
term1206,termbuk
term1207,termbul
term1208,termbum
term1209,termbun
term1210,termbuo
term1211,termbup
term1212,termbuq
term1213,termbur
term1214,termbus
term1215,termbut
term1216,termbuu
term1217,termbuv
term1218,termbuw
term1219,termbux
term1220,termbuy
term1221,termbuz
term1222,termbva
term1223,termbvb
term1224,termbvc
term1225,termbvd
term1226,termbve
term1227,termbvf
term1228,termbvg
term1229,termbvh
term1230,termbvi
term1231,termbvj
term1232,termbvk
term1233,termbvl
term1234,termbvm
term1235,termbvn
term1236,termbvo
term1237,termbvp
term1238,termbvq
term1239,termbvr
term1240,termbvs
term1241,termbvt
term1242,termbvu
term1243,termbvv
term1244,termbvw
term1245,termbvx
term1246,termbvy
term1247,termbvz
term1248,termbwa
term1249,termbwb
term1250,termbwc
term1251,termbwd
term1252,termbwe
term1253,termbwf
term1254,termbwg
term1255,termbwh
term1256,termbwi
term1257,termbwj
term1258,termbwk
term1259,termbwl
term1260,termbwm
term1261,termbwn
term1262,termbwo
term1263,termbwp
term1264,termbwq
term1265,termbwr
term1266,termbws
term1267,termbwt
term1268,termbwu
term1269,termbwv
term1270,termbww
term1271,termbwx
term1272,termbwy
term1273,termbwz
term1274,termbxa
term1275,termbxb
term1276,termbxc
term1277,termbxd
term1278,termbxe
term1279,termbxf
term1280,termbxg
term1281,termbxh
term1282,termbxi
term1283,termbxj
term1284,termbxk
term1285,termbxl
term1286,termbxm
term1287,termbxn
term1288,termbxo
term1289,termbxp
term1290,termbxq
term1291,termbxr
term1292,termbxs
term1293,termbxt
term1294,termbxu
term1295,termbxv
term1296,termbxw
term1297,termbxx
term1298,termbxy
term1299,termbxz
term1300,termbya
term1301,termbyb
term1302,termbyc
term1303,termbyd
term1304,termbye
term1305,termbyf
term1306,termbyg
term1307,termbyh
term1308,termbyi
term1309,termbyj
term1310,termbyk
term1311,termbyl
term1312,termbym
term1313,termbyn
term1314,termbyo
term1315,termbyp
term1316,termbyq
term1317,termbyr
term1318,termbys
term1319,termbyt
term1320,termbyu
term1321,termbyv
term1322,termbyw
term1323,termbyx
term1324,termbyy
term1325,termbyz
term1326,termbza
term1327,termbzb
term1328,termbzc
term1329,termbzd
term1330,termbze
term1331,termbzf
term1332,termbzg
term1333,termbzh
term1334,termbzi
term1335,termbzj
term1336,termbzk
term1337,termbzl
term1338,termbzm
term1339,termbzn
term1340,termbzo
term1341,termbzp
term1342,termbzq
term1343,termbzr
term1344,termbzs
term1345,termbzt
term1346,termbzu
term1347,termbzv
term1348,termbzw
term1349,termbzx
term1350,termbzy
term1351,termbzz
term1352,termcaa
term1353,termcab
term1354,termcac
term1355,termcad
term1356,termcae
term1357,termcaf
term1358,termcag
term1359,termcah
term1360,termcai
term1361,termcaj
term1362,termcak
term1363,termcal
term1364,termcam
term1365,termcan
term1366,termcao
term1367,termcap
term1368,termcaq
term1369,termcar
term1370,termcas
term1371,termcat
term1372,termcau
term1373,termcav
term1374,termcaw
term1375,termcax
term1376,termcay
term1377,termcaz
term1378,termcba
term1379,termcbb
term1380,termcbc
term1381,termcbd
term1382,termcbe
term1383,termcbf
term1384,termcbg
term1385,termcbh
term1386,termcbi
term1387,termcbj
term1388,termcbk
term1389,termcbl
term1390,termcbm
term1391,termcbn
term1392,termcbo
term1393,termcbp
term1394,termcbq
term1395,termcbr
term1396,termcbs
term1397,termcbt
term1398,termcbu
term1399,termcbv
term1400,termcbw
term1401,termcbx
term1402,termcby
term1403,termcbz
term1404,termcca
term1405,termccb
term1406,termccc
term1407,termccd
term1408,termcce
term1409,termccf
term1410,termccg
term1411,termcch
term1412,termcci
term1413,termccj
term1414,termcck
term1415,termccl
term1416,termccm
term1417,termccn
term1418,termcco
term1419,termccp
term1420,termccq
term1421,termccr
term1422,termccs
term1423,termcct
term1424,termccu
term1425,termccv
term1426,termccw
term1427,termccx
term1428,termccy
term1429,termccz
term1430,termcda
term1431,termcdb
term1432,termcdc
term1433,termcdd
term1434,termcde
term1435,termcdf
term1436,termcdg
term1437,termcdh
term1438,termcdi
term1439,termcdj
term1440,termcdk
term1441,termcdl
term1442,termcdm
term1443,termcdn
term1444,termcdo
term1445,termcdp
term1446,termcdq
term1447,termcdr
term1448,termcds
term1449,termcdt
term1450,termcdu
term1451,termcdv
term1452,termcdw
term1453,termcdx
term1454,termcdy
term1455,termcdz
term1456,termcea
term1457,termceb
term1458,termcec
term1459,termced
term1460,termcee
term1461,termcef
term1462,termceg
term1463,termceh
term1464,termcei
term1465,termcej
term1466,termcek
term1467,termcel
term1468,termcem
term1469,termcen
term1470,termceo
term1471,termcep
term1472,termceq
term1473,termcer
term1474,termces
term1475,termcet
term1476,termceu
term1477,termcev
term1478,termcew
term1479,termcex
term1480,termcey
term1481,termcez
term1482,termcfa
term1483,termcfb
term1484,termcfc
term1485,termcfd
term1486,termcfe
term1487,termcff
term1488,termcfg
term1489,termcfh
term1490,termcfi
term1491,termcfj
term1492,termcfk
term1493,termcfl
term1494,termcfm
term1495,termcfn
term1496,termcfo
term1497,termcfp
term1498,termcfq
term1499,termcfr
term1500,termcfs
term1501,termcft
term1502,termcfu
term1503,termcfv
term1504,termcfw
term1505,termcfx
term1506,termcfy
term1507,termcfz
term1508,termcga
term1509,termcgb
term1510,termcgc
term1511,termcgd
term1512,termcge
term1513,termcgf
term1514,termcgg
term1515,termcgh
term1516,termcgi
term1517,termcgj
term1518,termcgk
term1519,termcgl
term1520,termcgm
term1521,termcgn
term1522,termcgo
term1523,termcgp
term1524,termcgq
term1525,termcgr
term1526,termcgs
term1527,termcgt
term1528,termcgu
term1529,termcgv
term1530,termcgw
term1531,termcgx
term1532,termcgy
term1533,termcgz
term1534,termcha
term1535,termchb
term1536,termchc
term1537,termchd
term1538,termche
term1539,termchf
term1540,termchg
term1541,termchh
term1542,termchi
term1543,termchj
term1544,termchk
term1545,termchl
term1546,termchm
term1547,termchn
term1548,termcho
term1549,termchp
term1550,termchq
term1551,termchr
term1552,termchs
term1553,termcht
term1554,termchu
term1555,termchv
term1556,termchw
term1557,termchx
term1558,termchy
term1559,termchz
term1560,termcia
term1561,termcib
term1562,termcic
term1563,termcid
term1564,termcie
term1565,termcif
term1566,termcig
term1567,termcih
term1568,termcii
term1569,termcij
term1570,termcik
term1571,termcil
term1572,termcim
term1573,termcin
term1574,termcio
term1575,termcip
term1576,termciq
term1577,termcir
term1578,termcis
term1579,termcit
term1580,termciu
term1581,termciv
term1582,termciw
term1583,termcix
term1584,termciy
term1585,termciz
term1586,termcja
term1587,termcjb
term1588,termcjc
term1589,termcjd
term1590,termcje
term1591,termcjf
term1592,termcjg
term1593,termcjh
term1594,termcji
term1595,termcjj
term1596,termcjk
term1597,termcjl
term1598,termcjm
term1599,termcjn
term1600,termcjo
term1601,termcjp
term1602,termcjq
term1603,termcjr
term1604,termcjs
term1605,termcjt
term1606,termcju
term1607,termcjv
term1608,termcjw
term1609,termcjx
term1610,termcjy
term1611,termcjz
term1612,termcka
term1613,termckb
term1614,termckc
term1615,termckd
term1616,termcke
term1617,termckf
term1618,termckg
term1619,termckh
term1620,termcki
term1621,termckj
term1622,termckk
term1623,termckl
term1624,termckm
term1625,termckn
term1626,termcko
term1627,termckp
term1628,termckq
term1629,termckr
term1630,termcks
term1631,termckt
term1632,termcku
term1633,termckv
term1634,termckw
term1635,termckx
term1636,termcky
term1637,termckz
term1638,termcla
term1639,termclb
term1640,termclc
term1641,termcld
term1642,termcle
term1643,termclf
term1644,termclg
term1645,termclh
term1646,termcli
term1647,termclj
term1648,termclk
term1649,termcll
term1650,termclm
term1651,termcln
term1652,termclo
term1653,termclp
term1654,termclq
term1655,termclr
term1656,termcls
term1657,termclt
term1658,termclu
term1659,termclv
term1660,termclw
term1661,termclx
term1662,termcly
term1663,termclz
term1664,termcma
term1665,termcmb
term1666,termcmc
term1667,termcmd
term1668,termcme
term1669,termcmf
term1670,termcmg
term1671,termcmh
term1672,termcmi
term1673,termcmj
term1674,termcmk
term1675,termcml
term1676,termcmm
term1677,termcmn
term1678,termcmo
term1679,termcmp
term1680,termcmq
term1681,termcmr
term1682,termcms
term1683,termcmt
term1684,termcmu
term1685,termcmv
term1686,termcmw
term1687,termcmx
term1688,termcmy
term1689,termcmz
term1690,termcna
term1691,termcnb
term1692,termcnc
term1693,termcnd
term1694,termcne
term1695,termcnf
term1696,termcng
term1697,termcnh
term1698,termcni
term1699,termcnj
term1700,termcnk
term1701,termcnl
term1702,termcnm
term1703,termcnn
term1704,termcno
term1705,termcnp
term1706,termcnq
term1707,termcnr
term1708,termcns
term1709,termcnt
term1710,termcnu
term1711,termcnv
term1712,termcnw
term1713,termcnx
term1714,termcny
term1715,termcnz
term1716,termcoa
term1717,termcob
term1718,termcoc
term1719,termcod
term1720,termcoe
term1721,termcof
term1722,termcog
term1723,termcoh
term1724,termcoi
term1725,termcoj
term1726,termcok
term1727,termcol
term1728,termcom
term1729,termcon
term1730,termcoo
term1731,termcop
term1732,termcoq
term1733,termcor
term1734,termcos
term1735,termcot
term1736,termcou
term1737,termcov
term1738,termcow
term1739,termcox
term1740,termcoy
term1741,termcoz
term1742,termcpa
term1743,termcpb
term1744,termcpc
term1745,termcpd
term1746,termcpe
term1747,termcpf
term1748,termcpg
term1749,termcph
term1750,termcpi
term1751,termcpj
term1752,termcpk
term1753,termcpl
term1754,termcpm
term1755,termcpn
term1756,termcpo
term1757,termcpp
term1758,termcpq
term1759,termcpr
term1760,termcps
term1761,termcpt
term1762,termcpu
term1763,termcpv
term1764,termcpw
term1765,termcpx
term1766,termcpy
term1767,termcpz
term1768,termcqa
term1769,termcqb
term1770,termcqc
term1771,termcqd
term1772,termcqe
term1773,termcqf
term1774,termcqg
term1775,termcqh
term1776,termcqi
term1777,termcqj
term1778,termcqk
term1779,termcql
term1780,termcqm
term1781,termcqn
term1782,termcqo
term1783,termcqp
term1784,termcqq
term1785,termcqr
term1786,termcqs
term1787,termcqt
term1788,termcqu
term1789,termcqv
term1790,termcqw
term1791,termcqx
term1792,termcqy
term1793,termcqz
term1794,termcra
term1795,termcrb
term1796,termcrc
term1797,termcrd
term17971,termcre
term1798,termcrf
term1799,termcrg
term1800,termcrh
term1801,termcri
term1802,termcrj
term1803,termcrk
term1804,termcrl
term1805,termcrm
term1806,termcrn
term1807,termcro
term1808,termcrp
term1809,termcrq
term1810,termcrr
term1811,termcrs
term1812,termcrt
term1813,termcru
term1814,termcrv
term1815,termcrw
term1816,termcrx
term1817,termcry
term1818,termcrz
term1819,termcsa
term1820,termcsb
term1821,termcsc
term1822,termcsd
term1823,termcse
term1824,termcsf
term1825,termcsg
term1826,termcsh
term1827,termcsi
term1828119,termcsj
term1828120,termcsk
term1828121,termcsl
term1828122,termcsm
term1828123,termcsn
term1828124,termcso
term182885,termcsp
term182886,termcsq
term182889,termcsr
term182890,termcss
term1829,termcst
term1830,termcsu
term1831,termcsv
term1832,termcsw
term1833,termcsx
term1834,termcsy
term1835,termcsz
term1836,termcta
term1837,termctb
term1838,termctc
term1839,termctd
term1840,termcte
term1841,termctf
term1842,termctg
term1843,termcth
term1844,termcti
term1845,termctj
term1846,termctk
term1847,termctl
term1848,termctm
term1849,termctn
term1850,termcto
term1851,termctp
term1852,termctq
term1853,termctr
term1854,termcts
term1855,termctt
term1856,termctu
term1857,termctv
term1858,termctw
term1859,termctx
term1860,termcty
term1861,termctz
term1862,termcua
term1863,termcub
term1864,termcuc
term1865,termcud
term1866,termcue
term1867,termcuf
term1868,termcug
term1869,termcuh
term1870,termcui
term1871,termcuj
term1872,termcuk
term1873,termcul
term1874,termcum
term1875,termcun
term1876,termcuo
term1877,termcup
term1878,termcuq
term1879,termcur
term1880,termcus
term1881,termcut
term1882,termcuu
term1883,termcuv
term1884,termcuw
term1885,termcux
term1886,termcuy
term1887,termcuz
term1888,termcva
term1889,termcvb
term1890,termcvc
term1891,termcvd
term1892,termcve
term1893,termcvf
term1894,termcvg
term1895,termcvh
term1896,termcvi
term1897,termcvj
term1898,termcvk
term1899,termcvl
term1900,termcvm
term1901,termcvn
term1902,termcvo
term1903,termcvp
term1904,termcvq
term1905,termcvr
term1906,termcvs
term1907,termcvt
term1908,termcvu
term1909,termcvv
term1910,termcvw
term1911,termcvx
term1912,termcvy
term1913,termcvz
term1914,termcwa
term1915,termcwb
term1916,termcwc
term1917,termcwd
term1918,termcwe
term1919,termcwf
term1920,termcwg
term1921,termcwh
term1922,termcwi
term1923,termcwj
term1924,termcwk
term1925,termcwl
term1926,termcwm
term1927,termcwn
term1928,termcwo
term1929,termcwp
term1930,termcwq
term1931,termcwr
term1932,termcws
term1933,termcwt
term1934,termcwu
term1935,termcwv
term1936,termcww
term1937,termcwx
term1938,termcwy
term1939,termcwz
term1940,termcxa
term1941,termcxb
term1942,termcxc
term1943,termcxd
term1944,termcxe
term1945,termcxf
term1946,termcxg
term1947,termcxh
term1948,termcxi
term1949,termcxj
term1950,termcxk
term1951,termcxl
term1952,termcxm
term1953,termcxn
term1954,termcxo
term1955,termcxp
term1956,termcxq
term1957,termcxr
term1958,termcxs
term1959,termcxt
term1960,termcxu
term1961,termcxv
term1962,termcxw
term1963,termcxx
term1964,termcxy
term1965,termcxz
term1966,termcya
term1967,termcyb
term1968,termcyc
term1969,termcyd
term1970,termcye
term1971,termcyf
term1972,termcyg
term1973,termcyh
term1974,termcyi
term1975,termcyj
term1976,termcyk
term1977,termcyl
term1978,termcym
term1979,termcyn
term1980,termcyo
term1981,termcyp
term1982,termcyq
term1983,termcyr
term1984,termcys
term1985,termcyt
term1986,termcyu
term1987,termcyv
term1988,termcyw
term1989,termcyx
term1990,termcyy
term1991,termcyz
term1992,termcza
term1993,termczb
term1994,termczc
term1995,termczd
term1996,termcze
term1997,termczf
term1998,termczg
term1999,termczh
term2000,termczi
term2001,termczj
term2002,termczk
term2003,termczl
term2004,termczm
term2005,termczn
term2006,termczo
term2007,termczp
term2008,termczq
term2009,termczr
term2010,termczs
term2011,termczt
term2012,termczu
term2013,termczv
term2014,termczw
term2015,termczx
term2016,termczy
term2017,termczz
term2018,termdaa
term2019,termdab
term2020,termdac
term2021,termdad
term2022,termdae
term2023,termdaf
term2024,termdag
term2025,termdah
term2026,termdai
term2027,termdaj
term2028,termdak
term2029,termdal
term2030,termdam
term2031,termdan
term2032,termdao
term2033,termdap
term2034,termdaq
term2035,termdar
term2036,termdas
term2037,termdat
term2038,termdau
term2039,termdav
term2040,termdaw
term2041,termdax
term2042,termday
term2043,termdaz
term2044,termdba
term2045,termdbb
term2046,termdbc
term2047,termdbd
term2048,termdbe
term2049,termdbf
term2050,termdbg
term2051,termdbh
term2052,termdbi
term2053,termdbj
term2054,termdbk
term2055,termdbl
term2056,termdbm
term2057,termdbn
term2058,termdbo
term2059,termdbp
term2060,termdbq
term2061,termdbr
term2062,termdbs
term2063,termdbt
term2064,termdbu
term2065,termdbv
term2066,termdbw
term2067,termdbx
term2068,termdby
term2069,termdbz
term2070,termdca
term2071,termdcb
term2072,termdcc
term2073,termdcd
term2074,termdce
term2075,termdcf
term2076,termdcg
term2077,termdch
term2078,termdci
term2079,termdcj
term2080,termdck
term2081,termdcl
term2082,termdcm
term2083,termdcn
term2084,termdco
term2085,termdcp
term2086,termdcq
term2087,termdcr
term2088,termdcs
term2089,termdct
term2090,termdcu
term2091,termdcv
term2092,termdcw
term2093,termdcx
term2094,termdcy
term2095,termdcz
term2096,termdda
term2097,termddb
term2098,termddc
term2099,termddd
term2100,termdde
term2101,termddf
term2102,termddg
term2103,termddh
term2104,termddi
term2105,termddj
term2106,termddk
term2107,termddl
term2108,termddm
term2109,termddn
term2110,termddo
term2111,termddp
term2112,termddq
term2113,termddr
term2114,termdds
term2115,termddt
term2116,termddu
term2117,termddv
term2118,termddw
term2119,termddx
term2120,termddy
term2121,termddz
term2122,termdea
term2123,termdeb
term2124,termdec
term2125,termded
term2126,termdee
term2127,termdef
term2128,termdeg
term2129,termdeh
term2130,termdei
term2131,termdej
term2132,termdek
term2133,termdel
term2134,termdem
term2135,termden
term2136,termdeo
term2137,termdep
term2138,termdeq
term2139,termder
term2140,termdes
term2141,termdet
term2142,termdeu
term2143,termdev
term2144,termdew
term2145,termdex
term2146,termdey
term2147,termdez
term2148,termdfa
term2149,termdfb
term2150,termdfc
term2151,termdfd
term2152,termdfe
term2153,termdff
term2154,termdfg
term2155,termdfh
term2156,termdfi
term2157,termdfj
term2158,termdfk
term2159,termdfl
term2160,termdfm
term2161,termdfn
term2162,termdfo
term2163,termdfp
term2164,termdfq
term2165,termdfr
term2166,termdfs
term2167,termdft
term2168,termdfu
term2169,termdfv
term2170,termdfw
term2171,termdfx
term2172,termdfy
term2173,termdfz
term2174,termdga
term2175,termdgb
term2176,termdgc
term2177,termdgd
term2178,termdge
term2179,termdgf
term2180,termdgg
term2181,termdgh
term2182,termdgi
term2183,termdgj
term2184,termdgk
term2185,termdgl
term2186,termdgm
term2187,termdgn
term2188,termdgo
term2189,termdgp
term2190,termdgq
term2191,termdgr
term2192,termdgs
term2193,termdgt
term2194,termdgu
term2195,termdgv
term2196,termdgw
term2197,termdgx
term2198,termdgy
term2199,termdgz
term2200,termdha
term2201,termdhb
term2202,termdhc
term2203,termdhd
term2204,termdhe
term2205,termdhf
term2206,termdhg
term2207,termdhh
term2208,termdhi
term2209,termdhj
term2210,termdhk
term2211,termdhl
term2212,termdhm
term2213,termdhn
term2214,termdho
term2215,termdhp
term2216,termdhq
term2217,termdhr
term2218,termdhs
term2219,termdht
term2220,termdhu
term2221,termdhv
term2222,termdhw
term2223,termdhx
term2224,termdhy
term2225,termdhz
term2226,termdia
term2227,termdib
term2228,termdic
term2229,termdid
term2230,termdie
term2231,termdif
term2232,termdig
term2233,termdih
term2234,termdii
term2235,termdij
term2236,termdik
term2237,termdil
term2238,termdim
term2239,termdin
term2240,termdio
term2241,termdip
term2242,termdiq
term2243,termdir
term2244,termdis
term2245,termdit
term2246,termdiu
term2247,termdiv
term2248,termdiw
term2249,termdix
term2250,termdiy
term2251,termdiz
term2252,termdja
term2253,termdjb
term2254,termdjc
term2255,termdjd
term2256,termdje
term2257,termdjf
term2258,termdjg
term2259,termdjh
term2260,termdji
term2261,termdjj
term2262,termdjk
term2263,termdjl
term2264,termdjm
term2265,termdjn
term2266,termdjo
term2267,termdjp
term2268,termdjq
term2269,termdjr
term2270,termdjs
term2271,termdjt
term2272,termdju
term2273,termdjv
term2274,termdjw
term2275,termdjx
term2276,termdjy
term2277,termdjz
term2278,termdka
term2279,termdkb
term2280,termdkc
term2281,termdkd
term2282,termdke
term2283,termdkf
term2284,termdkg
term2285,termdkh
term2286,termdki
term2287,termdkj
term2288,termdkk
term2289,termdkl
term2290,termdkm
term2291,termdkn
term2292,termdko
term2293,termdkp
term2294,termdkq
term2295,termdkr
term2296,termdks
term2297,termdkt
term2298,termdku
term2299,termdkv
term2300,termdkw
term2301,termdkx
term2302,termdky
term2303,termdkz
term2304,termdla
term2305,termdlb
term2306,termdlc
term2307,termdld
term2308,termdle
term2309,termdlf
term2310,termdlg
term2311,termdlh
term2312,termdli
term2313,termdlj
term2314,termdlk
term2315,termdll
term2316,termdlm
term2317,termdln
term2318,termdlo
term2319,termdlp
term2320,termdlq
term2321,termdlr
term2322,termdls
term2323,termdlt
term2324,termdlu
term2325,termdlv
term2326,termdlw
term2327,termdlx
term2328,termdly
term2329,termdlz
term2330,termdma
term2331,termdmb
term2332,termdmc
term2333,termdmd
term2334,termdme
term2335,termdmf
term2336,termdmg
term2337,termdmh
term2338,termdmi
term2339,termdmj
term2340,termdmk
term2341,termdml
term2342,termdmm
term2343,termdmn
term2344,termdmo
term2345,termdmp
term2346,termdmq
term2347,termdmr
term2348,termdms
term2349,termdmt
term2350,termdmu
term2351,termdmv
term2352,termdmw
term2353,termdmx
term2354,termdmy
term2355,termdmz
term2356,termdna
term2357,termdnb
term2358,termdnc
term2359,termdnd
term2360,termdne
term2361,termdnf
term2362,termdng
term2363,termdnh
term2364,termdni
term2365,termdnj
term2366,termdnk
term2367,termdnl
term2368,termdnm
term2369,termdnn
term2370,termdno
term2371,termdnp
term2372,termdnq
term2373,termdnr
term2374,termdns
term2375,termdnt
term2376,termdnu
term2377,termdnv
term2378,termdnw
term2379,termdnx
term2380,termdny
term2381,termdnz
term2382,termdoa
term2383,termdob
term2384,termdoc
term2385,termdod
term2386,termdoe
term2387,termdof
term2388,termdog
term2389,termdoh
term2390,termdoi
term2391,termdoj
term2392,termdok
term2393,termdol
term2394,termdom
term2395,termdon
term2396,termdoo
term2397,termdop
term2398,termdoq
term2399,termdor
term2400,termdos
term2401,termdot
term2402,termdou
term2403,termdov
term2404,termdow
term2405,termdox
term2406,termdoy
term2407,termdoz
term2408,termdpa
term2409,termdpb
term2410,termdpc
term2411,termdpd
term24110,termdpe
term2412,termdpf
term2413,termdpg
term2414,termdph
term2415,termdpi
term2416,termdpj
term2417,termdpk
term2418,termdpl
term2419,termdpm
term2420,termdpn
term2421,termdpo
term2422,termdpp
term2423,termdpq
term2424,termdpr
term2425,termdps
term2426,termdpt
term2427,termdpu
term2428,termdpv
term2429,termdpw
term2430,termdpx
term2431,termdpy
term2432,termdpz
term2433,termdqa
term2434,termdqb
term2435,termdqc
term2436,termdqd
term2437,termdqe
term2438,termdqf
term2439,termdqg
term2440,termdqh
term2441,termdqi
term2442,termdqj
term2443,termdqk
term2444,termdql
term2445,termdqm
term2446,termdqn
term2447,termdqo
term2448,termdqp
term2449,termdqq
term2450,termdqr
term2451,termdqs
term2452,termdqt
term2453,termdqu
term2454,termdqv
term2455,termdqw
term2456,termdqx
term2457,termdqy
term2458,termdqz
term2459,termdra
term2460,termdrb
term2461,termdrc
term2462,termdrd
term2463,termdre
term2464,termdrf
term2465,termdrg
term2466,termdrh
term2467,termdri
term2468,termdrj
term2469,termdrk
term2470,termdrl
term2471,termdrm
term2472,termdrn
term2473,termdro
term2474,termdrp
term2475,termdrq
term2476,termdrr
term2477,termdrs
term2478,termdrt
term2479,termdru
term2480,termdrv
term2481,termdrw
term2482,termdrx
term2483,termdry
term2484,termdrz
term2485,termdsa
term2486,termdsb
term2487,termdsc
term2488,termdsd
term2489,termdse
term2490,termdsf
term2491,termdsg
term2492,termdsh
term2493,termdsi
term2494,termdsj
term2495,termdsk
term2496,termdsl
term2497,termdsm
term2498,termdsn
term2499,termdso
term2500,termdsp
term2501,termdsq
term2502,termdsr
term2503,termdss
term2504,termdst
term2505,termdsu
term2506,termdsv
term2507,termdsw
term2508,termdsx
term2509,termdsy
term2510,termdsz
term2511,termdta
term2512,termdtb
term2513,termdtc
term2514,termdtd
term2515,termdte
term2516,termdtf
term2517,termdtg
term2518,termdth
term2519,termdti
term2520,termdtj
term2521,termdtk
term2522,termdtl
term2523,termdtm
term2524,termdtn
term2525,termdto
term2526,termdtp
term2527,termdtq
term2528,termdtr
term2529,termdts
term2530,termdtt
term2531,termdtu
term2532,termdtv
term2533,termdtw
term2534,termdtx
term2535,termdty
term2536,termdtz
term2537,termdua
term2538,termdub
term2539,termduc
term2540,termdud
term2541,termdue
term2542,termduf
term2543,termdug
term2544,termduh
term2545,termdui
term2546,termduj
term2547,termduk
term2548,termdul
term2549,termdum
term2550,termdun
term2551,termduo
term2552,termdup
term2553,termduq
term2554,termdur
term2555,termdus
term2556,termdut
term2557,termduu
term2558,termduv
term2559,termduw
term2560,termdux
term2561,termduy
term2562,termduz
term2563,termdva
term2564,termdvb
term2565,termdvc
term2566,termdvd
term2567,termdve
term2568,termdvf
term2569,termdvg
term2570,termdvh
term2571,termdvi
term2572,termdvj
term2573,termdvk
term2574,termdvl
term2575,termdvm
term2576,termdvn
term2577,termdvo
term2578,termdvp
term2579,termdvq
term2580,termdvr
term2581,termdvs
term2582,termdvt
term2583,termdvu
term2584,termdvv
term2585,termdvw
term2586,termdvx
term2587,termdvy
term2588,termdvz
term2589,termdwa
term2590,termdwb
term2591,termdwc
term2592,termdwd
term2593,termdwe
term2594,termdwf
term2595,termdwg
term2596,termdwh
term2597,termdwi
term2598,termdwj
term2599,termdwk
term2600,termdwl
term2601,termdwm
term2602,termdwn
term2603,termdwo
term2604,termdwp
term2605,termdwq
term2606,termdwr
term2607,termdws
term2608,termdwt
term2609,termdwu
term2610,termdwv
term2611,termdww
term2612,termdwx
term2613,termdwy
term2614,termdwz
term2615,termdxa
term2616,termdxb
term2617,termdxc
term2618,termdxd
term2619,termdxe
term2620,termdxf
term2621,termdxg
term2622,termdxh
term2623,termdxi
term2624,termdxj
term2625,termdxk
term2626,termdxl
term2627,termdxm
term2628,termdxn
term2629,termdxo
term2630,termdxp
term2631,termdxq
term2632,termdxr
term2633,termdxs
term2634,termdxt
term2635,termdxu
term2636,termdxv
term2637,termdxw
term2638,termdxx
term2639,termdxy
term2640,termdxz
term2641,termdya
term2642,termdyb
term2643,termdyc
term2644,termdyd
term2645,termdye
term2646,termdyf
term2647,termdyg
term2648,termdyh
term2649,termdyi
term2650,termdyj
term2651,termdyk
term2652,termdyl
term2653,termdym
term2654,termdyn
term2655,termdyo
term2656,termdyp
term2657,termdyq
term2658,termdyr
term2659,termdys
term2660,termdyt
term2661,termdyu
term2662,termdyv
term2663,termdyw
term2664,termdyx
term2665,termdyy
term2666,termdyz
term2667,termdza
term2668,termdzb
term2669,termdzc
term2670,termdzd
term2671,termdze
term2672,termdzf
term2673,termdzg
term2674,termdzh
term2675,termdzi
term2676,termdzj
term2677,termdzk
term2678,termdzl
term2679,termdzm
term2680,termdzn
term2681,termdzo
term2682,termdzp
term2683,termdzq
term2684,termdzr
term2685,termdzs
term2686,termdzt
term2687,termdzu
term2688,termdzv
term2689,termdzw
term2690,termdzx
term2691,termdzy
term2692,termdzz
term2693,termeaa
term2694,termeab
term2695,termeac
term2696,termead
term2697,termeae
term2698,termeaf
term2699,termeag
term2700,termeah
term2701,termeai
term2702,termeaj
term2703,termeak
term2704,termeal
term2705,termeam
term2706,termean
term2707,termeao
term2708,termeap
term2709,termeaq
term2710,termear
term2711,termeas
term2712,termeat
term2713,termeau
term2714,termeav
term2715,termeaw
term2716,termeax
term2717,termeay
term2718,termeaz
term2719,termeba
term2720,termebb
term2721,termebc
term2722,termebd
term2723,termebe
term2724,termebf
term2725,termebg
term2726,termebh
term2727,termebi
term2728,termebj
term2729,termebk
term2730,termebl
term2731,termebm
term2732,termebn
term2733,termebo
term2734,termebp
term2735,termebq
term2736,termebr
term2737,termebs
term2738,termebt
term2739,termebu
term2740,termebv
term2741,termebw
term2742,termebx
