word,n
termdvx,4154
termbec,3659
termbev,3034
effortapproach,2344
termdxu,1780
termaqc,1670
contextfield,1499
termaqo,977
termbut,860
termagr,837
termddb,802
termbqz,787
termalg,783
futureview,779
termdvf,731
leaderprocess,697
termbhr,690
termagm,585
optionpath,583
termbrx,577
termaly,547
termaaa,544
termcto,518
learnguide,478
termbgc,478
termcyv,456
termahp,418
planpath,415
termcqj,414
termdwn,387
termadj,377
studychoice,366
reviewshare,352
termavq,341
termdmk,334
termark,328
termbyz,307
termaxw,306
termamd,273
termdzc,273
termbot,266
termcqc,266
termbla,265
termcnb,250
termdpc,248
termdmn,220
termanz,214
termalt,213
termcjs,211
termbui,202
termbrg,201
termafg,200
termdiz,200
termbio,198
effortpoint,193
termbrc,192
termcxp,187
termcfj,185
teamchoice,182
methodeffort,178
termdsx,173
reasonchoice,172
careerprofile,170
mentorprocess,167
termctu,167
termcag,163
termcuf,162
termbxd,161
termazn,159
termcez,158
termdzd,158
termbxe,155
termczh,155
termccm,150
termbkw,149
termdjn,149
termakr,148
detailthread,145
termadw,145
termdea,142
termdch,141
termcpr,140
termdfn,140
growthwindow,139
teamsystem,139
termbwd,139
termdco,139
mentoranalysis,137
termbja,137
termdpy,137
termdta,137
futurefield,135
termbrb,132
termbgi,131
termdfc,130
reviewfield,128
termamy,127
termaum,127
termcdb,127
termaee,125
logicthread,124
termazy,124
changesummary,123
termcmr,123
termdhy,120
leadermatch,116
termeaq,115
learnoutcome,113
termbfg,113
termciv,112
reviewmatch,111
termals,111
methodmatch,110
termbsh,110
termajf,109
termduv,109
termaml,107
termbqp,106
termbhd,103
termcjc,103
termcyx,103
termaef,102
termbhs,102
termcwa,102
termcbn,100
termcdn,99
termchh,99
reasonshare,98
termaul,98
futurepoint,96
termbiz,94
termdgn,94
practicerecord,93
termbas,92
termcsf,92
termbbi,91
termbse,89
termcwm,87
changeshare,85
termcjl,82
termdql,82
termbmz,81
termbro,81
futuredialog,80
termayj,80
termbmj,80
termcns,80
termaph,79
focuspoint,78
learnwindow,78
termdge,78
termeae,78
termebb,78
effortframe,77
termbzm,77
termdeh,77
reviewroute,76
termacu,76
termdfl,76
termdwm,75
growthrecord,73
termake,73
termcdj,72
valuepoint,72
methodapproach,71
termbfx,71
termdoa,71
termawz,70
optionmodel,69
termagg,69
termcsi,69
termdpa,69
termbkn,68
termbmd,68
termcty,68
termaaw,67
termcig,67
termcrj,67
termcww,67
revieweffort,65
termbvv,65
termdto,65
termbdc,64
termbga,64
termbxp,64
termdef,64
termakf,63
termchk,63
termdhh,63
termamg,62
careerdialog,60
learngroup,60
termaok,60
termbeo,60
termciy,60
termapx,59
termdhd,59
termdhp,59
resultprofile,58
termazi,58
termbiq,58
termbwl,58
practiceapproach,57
termcfp,57
contextshare,56
effortgroup,56
logicmodel,56
termaju,54
termcqn,54
termbqc,52
planfield,51
termdxi,51
resultroute,50
supportinsight,50
termdbn,50
termdki,50
termdpd,50
termaoa,49
termbiy,49
termdna,49
skillframe,48
termapf,48
termckd,48
termcqf,48
futurethread,47
planwindow,47
termafj,47
practicenetwork,46
studysummary,46
termabn,46
termawb,46
termbed,46
termbls,46
termdow,46
termebr,46
focusdialog,45
termaxn,45
termbqe,45
termclu,45
termbet,44
termbnt,44
careerframe,43
careersystem,43
changeeffort,43
logicgroup,43
reportprocess,43
termaaq,43
termabs,43
termbfz,43
termbgj,43
termdei,43
practicepoint,42
termbfl,42
termbsb,42
termais,41
termakz,41
termanr,41
termbje,41
termcko,40
termdab,40
termdnm,40
termatp,39
termbgq,39
termdkk,39
detailsummary,38
termajp,38
termapj,38
termchd,38
reviewsignal,37
termayh,37
termczl,37
insightpoint,36
termdhr,36
termdwc,36
termeaa,36
designfield,35
growthfield,35
skillmodel,35
termblb,35
termdle,35
termdny,35
optionguide,34
termbwv,34
termcmg,34
termcqr,34
insightbridge,33
planview,33
termbay,33
termbkj,33
termcmo,33
termcob,33
termdlx,33
impactwindow,32
teamthread,32
termaio,32
termawd,32
termbrr,32
termcjy,32
designsystem,31
termate,31
termbpc,31
termcbw,31
termchy,31
termdfw,31
termdnf,31
termdze,31
termbck,30
termbov,30
termcgj,30
termdgw,30
termdlp,30
termdzq,30
termebx,30
teamrecord,29
termccv,29
termcsh,29
termdks,29
termdph,29
termdup,29
plangroup,28
termcay,28
termccj,28
termchw,28
termcwf,28
termdcd,28
termdhl,28
termdyc,28
optionrecord,27
planapproach,27
practicechoice,27
supportgroup,27
termbgs,27
termcne,27
termcnm,27
termavi,26
termbna,26
termbnn,26
termbpx,26
termbte,26
termbtm,26
termcfx,26
termddu,26
termdox,26
termdvy,26
termdyz,26
careerfield,25
termaqk,25
termazu,25
termbnl,25
termcgk,25
termdtl,25
termdzm,25
insightprocess,24
studyfield,24
termasv,24
termbhx,24
termblo,24
termcxg,24
termduz,24
valuesummary,24
designprocess,23
supportbridge,23
termacj,23
termand,23
termbjq,23
termbzq,23
termcdi,23
termcjh,23
termcmm,23
contextgroup,22
mentorprofile,22
optiontrack,22
termaaf,22
termapd,22
termblj,22
termcch,22
termcel,22
termchm,22
termdmy,22
termdtr,22
termdxn,22
termdzu,22
termeal,22
termeas,22
efforteffort,21
effortsignal,21
methodframe,21
termasi,21
termbit,21
termbpn,21
termckz,21
termcue,21
focusapproach,20
goalapproach,20
teambridge,20
termagz,20
termahb,20
termahf,20
termaox,20
termayz,20
termbav,20
termbvk,20
termcva,20
termdjs,20
termdns,20
termebf,20
effortroute,19
learnsummary,19
mentorfield,19
methodgroup,19
termaah,19
termawg,19
termbjf,19
termbob,19
termbtg,19
termcir,19
termcua,19
valuetopic,19
focusoutcome,18
futureprofile,18
futurewindow,18
learnrecord,18
mentoroutcome,18
reasonframe,18
supportrecord,18
termaqx,18
termazb,18
termblg,18
termbog,18
termbya,18
termczj,18
termdev,18
termdrs,18
termdwj,18
termdzn,18
valueguide,18
goalrecord,17
skilltopic,17
studytopic,17
termahu,17
termaoc,17
termarj,17
termasb,17
termauq,17
termbyr,17
termcno,17
termdpi,17
careersummary,16
changerecord,16
futuremodel,16
planroute,16
projectprofile,16
projectrecord,16
projectwindow,16
termaat,16
termabm,16
termabq,16
termalm,16
termamu,16
termbwb,16
termbyn,16
termcht,16
termckq,16
termcrn,16
termcrp,16
termcrq,16
termcxd,16
termdbr,16
termdnc,16
termdun,16
termeag,16
changedialog,15
contextpath,15
effortpath,15
effortthread,15
focuseffort,15
focusview,15
futuresystem,15
growthprocess,15
practicefield,15
skillroute,15
termabv,15
termaeg,15
termbdi,15
termbhc,15
termbht,15
termbhy,15
termbmx,15
termbou,15
termbzf,15
termchq,15
termcvm,15
termczw,15
termdjl,15
termdwv,15
contextmatch,14
effortdialog,14
focusthread,14
resultapproach,14
teaminsight,14
termadk,14
termaed,14
termaet,14
termafw,14
termbgp,14
termbil,14
termbmq,14
termcba,14
termcbz,14
termcfa,14
termcgx,14
termcli,14
termcvj,14
termcyk,14
termczn,14
termdrb,14
termdvp,14
termdzx,14
efforttrack,13
futureframe,13
impactchoice,13
insightsystem,13
leaderthread,13
methodwindow,13
optiondialog,13
studyprocess,13
teamapproach,13
termabi,13
termacm,13
termaqu,13
termarl,13
termash,13
termauh,13
termaxv,13
termbbd,13
termbia,13
termbmm,13
termbty,13
termcbi,13
termcgm,13
termchf,13
termcjb,13
termcna,13
termcnf,13
termcnt,13
termcqu,13
termcth,13
termdem,13
termdvl,13
termdzv,13
changeapproach,12
changeview,12
contextsystem,12
impactdialog,12
logicprocess,12
methodanalysis,12
reportrecord,12
skillguide,12
skilloutcome,12
termaiw,12
termaql,12
termaqq,12
termbdw,12
termbqj,12
termcaq,12
termckn,12
termclp,12
termcma,12
termcsu,12
termcwi,12
termcyb,12
termddl,12
termdps,12
termeba,12
detailnetwork,11
goalprofile,11
insightview,11
learnbridge,11
logicshare,11
logictopic,11
resultdialog,11
resultmatch,11
reviewtopic,11
skillapproach,11
skillrecord,11
studyframe,11
supportanalysis,11
supporteffort,11
termagf,11
termaim,11
termakk,11
termapl,11
termarw,11
termaux,11
termavv,11
termbad,11
termbcq,11
termbgu,11
termbne,11
termbnm,11
termbtf,11
termbvw,11
termbyd,11
termbyq,11
termbzy,11
termcbx,11
termcdy,11
termchz,11
termcib,11
termcla,11
termcmz,11
termcnh,11
termcnn,11
termcox,11
termctg,11
termcvp,11
termcwz,11
termcxk,11
termdcx,11
termdgm,11
termdno,11
termdqf,11
termduw,11
termdvr,11
termdwl,11
termdwo,11
termdys,11
termebn,11
contextmodel,10
growthmatch,10
leadernetwork,10
mentorapproach,10
planeffort,10
practicesignal,10
projectinsight,10
skillnetwork,10
termacs,10
termahm,10
termatc,10
termauv,10
termawj,10
termawn,10
termayr,10
termazf,10
termbbr,10
termber,10
termbgb,10
termbmg,10
termboe,10
termbsd,10
termbto,10
termbve,10
termcdq,10
termcon,10
termcpb,10
termcuh,10
termdai,10
termdfd,10
termdgf,10
termdht,10
termdjy,10
termdkn,10
termdms,10
termdpn,10
termdro,10
termdss,10
termdxx,10
termeac,10
termeak,10
termeaz,10
termebt,10
careermodel,9
focusmodel,9
goalchoice,9
goalroute,9
impactprocess,9
learnprofile,9
methodnetwork,9
practiceroute,9
practicethread,9
reporteffort,9
reportoutcome,9
reportprofile,9
reporttrack,9
studypoint,9
teamgroup,9
termaam,9
termaba,9
termacw,9
termacz,9
termaft,9
termagk,9
termajs,9
termanh,9
termank,9
termaqe,9
termaud,9
termbdq,9
termbgr,9
termbis,9
termbji,9
termbpw,9
termbqk,9
termbwy,9
termcbb,9
termccc,9
termccq,9
termcgn,9
termcjj,9
termcjq,9
termcpe,9
termcra,9
termcsy,9
termcun,9
termcvk,9
termdbb,9
termdcl,9
termdde,9
termddm,9
termdet,9
termdfr,9
termdie,9
termdjm,9
termdkg,9
termdom,9
termdqh,9
termduh,9
termdwi,9
contextinsight,8
contexttrack,8
designmatch,8
focusbridge,8
focusmatch,8
growthmodel,8
growthview,8
learnapproach,8
mentorbridge,8
mentorchoice,8
methodoutcome,8
methodprocess,8
optionnetwork,8
practicesummary,8
practicewindow,8
reasonpath,8
resultframe,8
resultthread,8
resulttrack,8
skillinsight,8
studyanalysis,8
studyapproach,8
supportoutcome,8
termadp,8
termafb,8
termagq,8
termajq,8
termakt,8
termaqb,8
termaqr,8
termaro,8
termava,8
termbar,8
termbdo,8
termbfh,8
termbgf,8
termbhb,8
termbll,8
termblm,8
termbmt,8
termbnj,8
termbpt,8
termbsi,8
termbwz,8
termbyb,8
termcbc,8
termccx,8
termceu,8
termcew,8
termcfh,8
termcha,8
termcim,8
termcjf,8
termcjx,8
termcqk,8
termcuj,8
termcxv,8
termdad,8
termdft,8
termdfx,8
termdif,8
termdiq,8
termdjw,8
termdlu,8
termdma,8
termdrc,8
termdtm,8
termdtz,8
termdui,8
termdxl,8
termdxv,8
termebl,8
focusguide,7
impacteffort,7
learnroute,7
logicrecord,7
methodthread,7
practiceguide,7
practiceprocess,7
reasonsignal,7
reviewguide,7
reviewrecord,7
skilleffort,7
studysignal,7
teamnetwork,7
termabt,7
termabw,7
termact,7
termaeq,7
termaiu,7
termamv,7
termamw,7
termanb,7
termanv,7
termaoj,7
termaqa,7
termarb,7
termaxm,7
termaxq,7
termaxs,7
termaxy,7
termazt,7
termbam,7
termbqr,7
termbrp,7
termbsc,7
termbsp,7
termbvu,7
termbwa,7
termcfe,7
termcfg,7
termckm,7
termcot,7
termcrb,7
termcrt,7
termcul,7
termcvf,7
termcvn,7
termcwg,7
termcyf,7
termcze,7
termczf,7
termdbf,7
termden,7
termdjq,7
termdls,7
termdqb,7
termdqm,7
termdqo,7
termdqp,7
termdqx,7
termdrm,7
termdtj,7
termdul,7
termdvc,7
termdyl,7
termdzw,7
termead,7
designtopic,6
detailpath,6
goalnetwork,6
impacttrack,6
insightprofile,6
insightthread,6
leaderfield,6
logicapproach,6
logicbridge,6
mentormatch,6
methodrecord,6
planmatch,6
practiceeffort,6
practicematch,6
practicetrack,6
resultguide,6
resulttopic,6
studymatch,6
supportapproach,6
supportroute,6
supportsignal,6
teamfield,6
teampath,6
teamview,6
termaau,6
termaav,6
termaca,6
termadf,6
termaem,6
termaga,6
termahh,6
termahs,6
termajv,6
termaka,6
termakg,6
termalh,6
termaoo,6
termaqg,6
termavw,6
termazs,6
termbcb,6
termbcc,6
termbcx,6
termbfj,6
termbgt,6
termbha,6
termbik,6
termbiu,6
termbjz,6
termbko,6
termbln,6
termblq,6
termbom,6
termbon,6
termbow,6
termbpj,6
termbpz,6
termbqm,6
termbuv,6
termbvn,6
termbvx,6
termbzo,6
termcak,6
termcci,6
termccy,6
termcdu,6
termcex,6
termcik,6
termclg,6
termcqb,6
termcqq,6
termcqx,6
termcrm,6
termcro,6
termcrw,6
termcrz,6
termcuo,6
termcyl,6
termczk,6
termdat,6
termdcm,6
termddg,6
termdfu,6
termdig,6
termdii,6
termdkc,6
termdlj,6
termdnl,6
termdnu,6
termdoh,6
termdoo,6
termdov,6
termdpv,6
termdqa,6
termdri,6
termdsa,6
termdsu,6
termduo,6
termdut,6
termdvb,6
termdvk,6
termdws,6
termdyo,6
termebm,6
changepoint,5
contextnetwork,5
contextrecord,5
designdialog,5
designoutcome,5
designpoint,5
detailgroup,5
effortmatch,5
focuschoice,5
focustopic,5
futureoutcome,5
goaltrack,5
growthanalysis,5
growthnetwork,5
leadersummary,5
leaderwindow,5
learnchoice,5
learnmatch,5
logicchoice,5
logicdialog,5
logicfield,5
logicroute,5
methoddialog,5
optionmatch,5
planinsight,5
practicedialog,5
practicepath,5
projectprocess,5
projectsignal,5
reasonoutcome,5
reportguide,5
reportthread,5
resultchoice,5
reviewprocess,5
reviewthread,5
studyroute,5
studysystem,5
supportframe,5
termaan,5
termabo,5
termacl,5
termadl,5
termadm,5
termakw,5
termanf,5
termapp,5
termapt,5
termaqs,5
termari,5
termasa,5
termaup,5
termaur,5
termawi,5
termawm,5
termawq,5
termaxg,5
termaxi,5
termaxz,5
termaya,5
termazd,5
termbai,5
termbbn,5
termbej,5
termbep,5
termbhe,5
termbin,5
termbiw,5
termbjh,5
termbkc,5
termbkp,5
termbks,5
termbmu,5
termbnf,5
termboh,5
termbop,5
termbor,5
termbpg,5
termbpi,5
termbrd,5
termbrm,5
termbsx,5
termbwm,5
termbxf,5
termbxm,5
termbyx,5
termcai,5
termcbr,5
termcda,5
termcde,5
termcdo,5
termcee,5
termceq,5
termcfd,5
termcgb,5
termcgq,5
termchc,5
termchi,5
termchs,5
termcis,5
termcjw,5
termcmb,5
termcml,5
termcnq,5
termcny,5
termcod,5
termcph,5
termcqw,5
termcrr,5
termcus,5
termcws,5
termcyg,5
termczb,5
termdau,5
termdbi,5
termdca,5
termded,5
termdgb,5
termdgc,5
termdhf,5
termdhj,5
termdiw,5
termdjd,5
termdje,5
termdjo,5
termdlr,5
termdnh,5
termdnx,5
termdob,5
termdrk,5
termdrz,5
termdsq,5
termdsv,5
termdty,5
termdva,5
termdwq,5
termebi,5
termebu,5
valuechoice,5
valuegroup,5
careerapproach,4
careerpoint,4
careerprocess,4
changeguide,4
changeinsight,4
designprofile,4
detaildialog,4
detailframe,4
detailprofile,4
detailtrack,4
efforttopic,4
focusnetwork,4
futureroute,4
goaldialog,4
goalgroup,4
growtheffort,4
growththread,4
impactbridge,4
impactprofile,4
impactsystem,4
insightanalysis,4
insightchoice,4
insightfield,4
insightwindow,4
leadershare,4
leadersignal,4
learnanalysis,4
learnmodel,4
logicnetwork,4
logicpath,4
mentorgroup,4
mentortopic,4
plananalysis,4
plannetwork,4
practiceframe,4
practicemodel,4
projectfield,4
reasonprocess,4
reviewprofile,4
studyinsight,4
supportchoice,4
supportpath,4
teampoint,4
teamprocess,4
termabz,4
termace,4
termafu,4
termago,4
termahy,4
termaib,4
termait,4
termaje,4
termajl,4
termajz,4
termaks,4
termama,4
termamm,4
termamt,4
termani,4
termanp,4
termapa,4
termaqj,4
termasg,4
termasx,4
termatl,4
termatn,4
termauk,4
termauz,4
termave,4
termawc,4
termawh,4
termawk,4
termaxh,4
termaxj,4
termaxx,4
termayf,4
termayg,4
termbbg,4
termbbm,4
termbcf,4
termbdg,4
termbem,4
termben,4
termbfm,4
termbgg,4
termbhl,4
termbhv,4
termbij,4
termbjg,4
termbjp,4
termbki,4
termbld,4
termblp,4
termblu,4
termbmf,4
termbny,4
termbpb,4
termbqi,4
termbqt,4
termbqu,4
termbsy,4
termbtc,4
termbtn,4
termbtx,4
termbuu,4
termbvm,4
termbvz,4
termbwj,4
termbwt,4
termbzb,4
termbze,4
termcao,4
termcap,4
termcbv,4
termcca,4
termccw,4
termcdv,4
termcgr,4
termcgv,4
termchn,4
termciw,4
termclb,4
termclh,4
termclv,4
termcmn,4
termcms,4
termcpa,4
termcpk,4
termcpu,4
termcrc,4
termcsa,4
termctc,4
termcux,4
termcvu,4
termcwc,4
termcwx,4
termcwy,4
termcxb,4
termcya,4
termcyo,4
termcza,4
termday,4
termdbl,4
termdbq,4
termdbs,4
termdbu,4
termdci,4
termdeo,4
termdfi,4
termdgd,4
termdgl,4
termdil,4
termdir,4
termdjh,4
termdkj,4
termdkt,4
termdky,4
termdlq,4
termdpo,4
termdpu,4
termdpz,4
termdqt,4
termdqu,4
termdra,4
termdsn,4
termdsy,4
termdtb,4
termdub,4
termduy,4
termdvj,4
termdvq,4
termdvu,4
termdxp,4
termdxr,4
termdxw,4
termdym,4
valueprocess,4
careerbridge,3
careereffort,3
careermatch,3
careernetwork,3
careerpath,3
careertopic,3
careertrack,3
changeprocess,3
changetrack,3
contextapproach,3
contextprocess,3
contextwindow,3
designframe,3
designtrack,3
detailview,3
focuswindow,3
futurebridge,3
futurechoice,3
futurepath,3
futureshare,3
goalview,3
goalwindow,3
growthpath,3
impactinsight,3
impactoutcome,3
logicinsight,3
logicoutcome,3
methodfield,3
methodinsight,3
methodmodel,3
methodtopic,3
optioneffort,3
planrecord,3
practiceprofile,3
projectoutcome,3
projectthread,3
reasonapproach,3
reasonwindow,3
reportroute,3
reportshare,3
resultinsight,3
resultmodel,3
resultprocess,3
reviewpath,3
reviewview,3
skillshare,3
studygroup,3
supportfield,3
supportnetwork,3
supportwindow,3
teamsummary,3
termaad,3
termaay,3
termabe,3
termael,3
termaex,3
termaez,3
termafl,3
termafx,3
termagc,3
termagp,3
termahk,3
termain,3
termaiz,3
termajk,3
termajr,3
termajw,3
termakc,3
termali,3
termalq,3
termalv,3
termamh,3
termanc,3
termano,3
termaog,3
termaol,3
termapb,3
termapc,3
termapk,3
termapn,3
termaps,3
termaqi,3
termaqn,3
termaqt,3
termaqz,3
termarg,3
termarp,3
termart,3
termarv,3
termarx,3
termatb,3
termauy,3
termavl,3
termawl,3
termaxo,3
termaym,3
termayq,3
termayu,3
termazh,3
termazk,3
termazm,3
termbaf,3
termbbj,3
termbcj,3
termbcl,3
termbct,3
termbes,3
termbez,3
termbhw,3
termbhz,3
termbig,3
termbix,3
termbjl,3
termbkr,3
termbky,3
termblk,3
termbma,3
termbmh,3
termbms,3
termbmw,3
termbnp,3
termbok,3
termbol,3
termboo,3
termboz,3
termbpa,3
termbpk,3
termbpo,3
termbre,3
termbri,3
termbrj,3
termbsj,3
termbsq,3
termbsv,3
termbsw,3
termbta,3
termbtd,3
termbua,3
termbun,3
termbvg,3
termbvl,3
termbwr,3
termbxh,3
termbxi,3
termbyh,3
termbyj,3
termbyu,3
termbyw,3
termbzd,3
termbzg,3
termbzh,3
termbzl,3
termcaf,3
termcam,3
termcbd,3
termcbf,3
termcbl,3
termcbp,3
termcdg,3
termcdl,3
termcdm,3
termced,3
termcfi,3
termcfr,3
termcfz,3
termcga,3
termcgl,3
termchg,3
termcic,3
termcip,3
termciu,3
termcix,3
termciz,3
termcja,3
termckb,3
termckl,3
termclz,3
termcnc,3
termcnd,3
termcng,3
termcoe,3
termcok,3
termcor,3
termcoz,3
termcpg,3
termcpt,3
termcqg,3
termcqo,3
termcrv,3
termcsg,3
termctm,3
termcum,3
termcwn,3
termcwq,3
termcxi,3
termcxm,3
termcxs,3
termcxu,3
termcxx,3
termcyq,3
termczq,3
termczv,3
termdam,3
termdap,3
termdbo,3
termdcb,3
termdce,3
termdcj,3
termddf,3
termddo,3
termdec,3
termdek,3
termdeu,3
termdew,3
termdez,3
termdgj,3
termdhb,3
termdhc,3
termdhv,3
termdim,3
termdix,3
termdiy,3
termdjj,3
termdjt,3
termdjx,3
termdke,3
termdkf,3
termdkx,3
termdla,3
termdlc,3
termdlk,3
termdlm,3
termdlw,3
termdly,3
termdmb,3
termdmw,3
termdne,3
termdop,3
termdpq,3
termdqj,3
termdrh,3
termdrt,3
termdtw,3
termduf,3
termdum,3
termdwd,3
termdwp,3
termdwt,3
termdxf,3
termdxz,3
termdyk,3
termdyq,3
termdyt,3
termdyu,3
termdyv,3
termeah,3
termeat,3
termeau,3
termebk,3
termebv,3
valueinsight,3
valuethread,3
careergroup,2
careerinsight,2
careerrecord,2
careerroute,2
careersignal,2
careerwindow,2
changefield,2
changegroup,2
changematch,2
changeprofile,2
changeroute,2
contextframe,2
contextguide,2
contextoutcome,2
contextpoint,2
contextroute,2
contextsummary,2
contextthread,2
contexttopic,2
designanalysis,2
designchoice,2
designmodel,2
designrecord,2
designshare,2
designview,2
detailbridge,2
detailguide,2
detailprocess,2
detailsignal,2
detailwindow,2
effortnetwork,2
effortshare,2
effortsystem,2
focusinsight,2
focusroute,2
focusshare,2
focussummary,2
futureeffort,2
futurenetwork,2
futuresummary,2
futuretrack,2
goalinsight,2
goaloutcome,2
goalshare,2
goalthread,2
growthbridge,2
growthchoice,2
growthinsight,2
growthoutcome,2
growthsystem,2
growthtopic,2
impactapproach,2
impactpath,2
impactroute,2
impactthread,2
insightdialog,2
insightgroup,2
insightnetwork,2
leaderchoice,2
leaderdialog,2
leaderframe,2
leaderoutcome,2
leaderrecord,2
leaderroute,2
learndialog,2
learnnetwork,2
learnshare,2
logicanalysis,2
logicguide,2
mentoreffort,2
mentorroute,2
mentorsignal,2
mentorsystem,2
mentorthread,2
mentorview,2
mentorwindow,2
methodprofile,2
methodtrack,2
optionfield,2
optioninsight,2
optionprocess,2
optionshare,2
optionthread,2
plandialog,2
planmodel,2
planoutcome,2
planprocess,2
planshare,2
plantrack,2
practiceanalysis,2
practiceoutcome,2
practiceview,2
projectframe,2
projectpoint,2
reasondialog,2
reasonguide,2
reasoninsight,2
reasonmodel,2
reasonrecord,2
reasonsystem,2
reasontopic,2
reasonview,2
reportframe,2
reportgroup,2
reportnetwork,2
reportpoint,2
reportsummary,2
reporttopic,2
resultfield,2
resultgroup,2
resultnetwork,2
resultshare,2
resultwindow,2
reviewapproach,2
reviewgroup,2
reviewinsight,2
reviewmodel,2
reviewnetwork,2
reviewpoint,2
reviewtrack,2
skillprocess,2
skillprofile,2
studybridge,2
studypath,2
studyshare,2
supportguide,2
supportmodel,2
supportprocess,2
teamanalysis,2
teamdialog,2
teammodel,2
termaao,2
termabb,2
termabf,2
termabk,2
termabl,2
termacb,2
termacc,2
termacf,2
termach,2
termacp,2
termacv,2
termadc,2
termadi,2
termads,2
termadt,2
termadu,2
termadx,2
termaeb,2
termaen,2
termaes,2
termaeu,2
termafe,2
termafh,2
termafk,2
termafn,2
termafq,2
termafs,2
termafz,2
termagi,2
termagj,2
termagv,2
termahd,2
termaho,2
termahq,2
termaht,2
termaii,2
termaij,2
termail,2
termair,2
termajd,2
termajm,2
termajn,2
termajy,2
termaki,2
termakj,2
termakq,2
termakx,2
termalb,2
termalc,2
termame,2
termamn,2
termamp,2
termamq,2
termamx,2
termans,2
termanw,2
termaob,2
termaon,2
termaoq,2
termaow,2
termapi,2
termapq,2
termapr,2
termapv,2
termapw,2
termaqd,2
termaqf,2
termaqv,2
termaqw,2
termasf,2
termasj,2
termask,2
termasn,2
termaso,2
termasy,2
termatd,2
termath,2
termatr,2
termats,2
termatz,2
termaug,2
termauw,2
termavp,2
termavr,2
termavy,2
termavz,2
termawu,2
termaxb,2
termayx,2
termaza,2
termazl,2
termazo,2
termazq,2
termbaa,2
termbag,2
termbao,2
termbaq,2
termbat,2
termbbe,2
termbbf,2
termbbl,2
termbbq,2
termbbs,2
termbcn,2
termbcp,2
termbda,2
termbdd,2
termbdj,2
termbdn,2
termbds,2
termbdv,2
termbdz,2
termbeb,2
termbeg,2
termbei,2
termbel,2
termbfb,2
termbfc,2
termbfe,2
termbff,2
termbfp,2
termbfv,2
termbgd,2
termbge,2
termbgh,2
termbgk,2
termbhf,2
termbic,2
termbie,2
termbii,2
termbiv,2
termbjc,2
termbjd,2
termbjm,2
termbjx,2
termbkg,2
termbkh,2
termbkl,2
termbkv,2
termbkz,2
termblc,2
termble,2
termblh,2
termblx,2
termbmi,2
termbmy,2
termbnh,2
termbnq,2
termbnz,2
termbod,2
termbos,2
termbox,2
termbpf,2
termbpp,2
termbpv,2
termbqf,2
termbqn,2
termbqs,2
termbrf,2
termbrk,2
termbrl,2
termbrq,2
termbrw,2
termbry,2
termbsa,2
termbsg,2
termbsm,2
termbsr,2
termbss,2
termbsu,2
termbtk,2
termbtp,2
termbtw,2
termbtz,2
termbud,2
termbuj,2
termbuq,2
termbur,2
termbus,2
termbux,2
termbuy,2
termbvc,2
termbvd,2
termbvo,2
termbvp,2
termbwh,2
termbwp,2
termbxv,2
termbxz,2
termbyc,2
termbzc,2
termbzj,2
termbzn,2
termbzp,2
termbzr,2
termcac,2
termcae,2
termcar,2
termcas,2
termcat,2
termcav,2
termcbk,2
termcbo,2
termcbu,2
termcck,2
termccn,2
termccr,2
termcdf,2
termcdh,2
termcdp,2
termcea,2
termceb,2
termceh,2
termcem,2
termceo,2
termces,2
termcev,2
termcfl,2
termcfy,2
termcgc,2
termcgg,2
termcgt,2
termchx,2
termcia,2
termcii,2
termcil,2
termcjm,2
termcjv,2
termcke,2
termckg,2
termckj,2
termckw,2
termckx,2
termcky,2
termcld,2
termclf,2
termclj,2
termclk,2
termcln,2
termclr,2
termclx,2
termcmp,2
termcnr,2
termcoc,2
termcof,2
termcog,2
termcoq,2
termcow,2
termcpc,2
termcpn,2
termcpo,2
termcpq,2
termcps,2
termcpv,2
termcpx,2
termcqa,2
termcqd,2
termcqe,2
termcqs,2
termcrf,2
termcrx,2
termcry,2
termcsc,2
termcsd,2
termcse,2
termctq,2
termctt,2
termcuc,2
termcud,2
termcug,2
termcup,2
termcuv,2
termcuw,2
termcvg,2
termcvv,2
termcwo,2
termcwv,2
termcxf,2
termcxo,2
termcxr,2
termcyh,2
termcyj,2
termcym,2
termcyu,2
termczu,2
termczy,2
termdae,2
termdah,2
termdaj,2
termdal,2
termdav,2
termdba,2
termdbe,2
termdbp,2
termdcc,2
termdcf,2
termdcq,2
termdct,2
termddn,2
termddq,2
termddw,2
termddz,2
termdeb,2
termdeq,2
termdfo,2
termdfz,2
termdga,2
termdgg,2
termdgh,2
termdgi,2
termdgk,2
termdgo,2
termdgy,2
termdhm,2
termdhq,2
termdhz,2
termdic,2
termdij,2
termdis,2
termdjb,2
termdjg,2
termdjz,2
termdka,2
termdkh,2
termdkp,2
termdkr,2
termdlb,2
termdlf,2
termdlh,2
termdmh,2
termdmi,2
termdmv,2
termdmx,2
termdnb,2
termdnd,2
termdnp,2
termdnv,2
termdnz,2
termdoc,2
termdoj,2
termdok,2
termdon,2
termdos,2
termdoy,2
termdoz,2
termdpg,2
termdpl,2
termdpp,2
termdpt,2
termdqd,2
termdqi,2
termdqq,2
termdqv,2
termdrd,2
termdrg,2
termdrj,2
termdse,2
termdsr,2
termdst,2
termdti,2
termdtk,2
termdtp,2
termduq,2
termdur,2
termduu,2
termdux,2
termdvh,2
termdvm,2
termdvn,2
termdvo,2
termdwb,2
termdwf,2
termdwr,2
termdwy,2
termdwz,2
termdxb,2
termdxs,2
termdxt,2
termdyd,2
termdyf,2
termdyr,2
termdyw,2
termdyx,2
termdza,2
termdzg,2
termdzo,2
termdzt,2
termeab,2
termean,2
termeao,2
termebd,2
termebe,2
termebs,2
valueapproach,2
valuemodel,2
valueoutcome,2
valueprofile,2
valueshare,2
valuewindow,2
careerchoice,1
careerguide,1
careeroutcome,1
careershare,1
careerthread,1
careerview,1
changeanalysis,1
changechoice,1
changemodel,1
changenetwork,1
changeoutcome,1
changepath,1
changesignal,1
changesystem,1
changethread,1
changetopic,1
changewindow,1
contextanalysis,1
contextbridge,1
contextchoice,1
contextdialog,1
contexteffort,1
contextprofile,1
contextsignal,1
contextview,1
designbridge,1
designeffort,1
designgroup,1
designguide,1
designinsight,1
designnetwork,1
designpath,1
designroute,1
designsignal,1
designsummary,1
designthread,1
designwindow,1
detailanalysis,1
detailapproach,1
detailchoice,1
detaileffort,1
detailfield,1
detailinsight,1
detailmodel,1
detailoutcome,1
detailpoint,1
detailrecord,1
detailshare,1
detailtopic,1
effortanalysis,1
effortchoice,1
effortfield,1
effortguide,1
effortinsight,1
effortmodel,1
effortoutcome,1
effortprocess,1
effortprofile,1
effortrecord,1
effortsummary,1
effortview,1
effortwindow,1
focusanalysis,1
focusfield,1
focusframe,1
focusgroup,1
focusprocess,1
focusprofile,1
focusrecord,1
focussignal,1
focussystem,1
focustrack,1
futureanalysis,1
futureapproach,1
futureguide,1
futurematch,1
futureprocess,1
futurerecord,1
futuresignal,1
futuretopic,1
goalanalysis,1
goalbridge,1
goalframe,1
goalguide,1
goalmatch,1
goalmodel,1
goalpath,1
goalpoint,1
goalprocess,1
goalsignal,1
goalsummary,1
goalsystem,1
goaltopic,1
growthapproach,1
growthdialog,1
growthframe,1
growthgroup,1
growthguide,1
growthpoint,1
growthprofile,1
growthshare,1
growthsignal,1
growthsummary,1
growthtrack,1
impactanalysis,1
impactfield,1
impactgroup,1
impactguide,1
impactmatch,1
impactmodel,1
impactnetwork,1
impactshare,1
impactsignal,1
impactsummary,1
impacttopic,1
impactview,1
insightapproach,1
insighteffort,1
insightframe,1
insightguide,1
insightmatch,1
insightmodel,1
insightoutcome,1
insightpath,1
insightrecord,1
insightroute,1
insightshare,1
insightsignal,1
insightsummary,1
insighttopic,1
insighttrack,1
leaderanalysis,1
leaderapproach,1
leaderbridge,1
leadereffort,1
leadergroup,1
leaderguide,1
leaderinsight,1
leadermodel,1
leaderpoint,1
leaderprofile,1
leadersystem,1
leadertopic,1
leadertrack,1
leaderview,1
learneffort,1
learnfield,1
learnframe,1
learninsight,1
learnpoint,1
learnprocess,1
learnsignal,1
learnsystem,1
learnthread,1
learntopic,1
learntrack,1
learnview,1
logiceffort,1
logicframe,1
logicpoint,1
logicprofile,1
logicsignal,1
logicsummary,1
logicsystem,1
logictrack,1
logicview,1
logicwindow,1
mentorframe,1
mentorguide,1
mentorinsight,1
mentornetwork,1
mentorpath,1
mentorpoint,1
mentorrecord,1
mentorshare,1
mentorsummary,1
mentortrack,1
methodbridge,1
methodchoice,1
methodguide,1
methodpath,1
methodpoint,1
methodroute,1
methodshare,1
methodsignal,1
methodsummary,1
methodsystem,1
methodview,1
optionanalysis,1
optionapproach,1
optionbridge,1
optionchoice,1
optionframe,1
optiongroup,1
optionoutcome,1
optionpoint,1
optionprofile,1
optionroute,1
optionsignal,1
optionsummary,1
optionsystem,1
optiontopic,1
optionview,1
optionwindow,1
planbridge,1
planchoice,1
planframe,1
planguide,1
planprofile,1
plansignal,1
plansummary,1
plansystem,1
planthread,1
plantopic,1
practicebridge,1
practicegroup,1
practiceinsight,1
practiceshare,1
practicesystem,1
practicetopic,1
projectanalysis,1
projectapproach,1
projectbridge,1
projectchoice,1
projectdialog,1
projectgroup,1
projectguide,1
projectmatch,1
projectmodel,1
projectnetwork,1
projectpath,1
projectroute,1
projectshare,1
projectsummary,1
projectsystem,1
projecttopic,1
projecttrack,1
projectview,1
reasonanalysis,1
reasonbridge,1
reasoneffort,1
reasonfield,1
reasongroup,1
reasonmatch,1
reasonnetwork,1
reasonpoint,1
reasonprofile,1
reasonroute,1
reasonsummary,1
reasonthread,1
reasontrack,1
reportanalysis,1
reportapproach,1
reportbridge,1
reportchoice,1
reportinsight,1
reportmatch,1
reportmodel,1
reportpath,1
reportsignal,1
reportsystem,1
reportview,1
reportwindow,1
resultanalysis,1
resultbridge,1
resulteffort,1
resultoutcome,1
resultpath,1
resultpoint,1
resultrecord,1
resultsignal,1
resultsummary,1
resultsystem,1
resultview,1
reviewanalysis,1
reviewbridge,1
reviewchoice,1
reviewdialog,1
reviewframe,1
reviewoutcome,1
reviewsummary,1
reviewsystem,1
reviewwindow,1
skillanalysis,1
skillbridge,1
skillchoice,1
skilldialog,1
skillfield,1
skillgroup,1
skillmatch,1
skillpath,1
skillpoint,1
skillsummary,1
skillsystem,1
skillthread,1
skilltrack,1
skillview,1
skillwindow,1
studydialog,1
studyeffort,1
studyguide,1
studymodel,1
studynetwork,1
studyoutcome,1
studyprofile,1
studyrecord,1
studythread,1
studytrack,1
studyview,1
studywindow,1
supportdialog,1
supportmatch,1
supportpoint,1
supportprofile,1
supportshare,1
supportsummary,1
supportsystem,1
supportthread,1
supporttopic,1
supportview,1
teameffort,1
teamframe,1
teamguide,1
teammatch,1
teamoutcome,1
teamprofile,1
teamroute,1
teamshare,1
teamsignal,1
teamtopic,1
teamtrack,1
teamwindow,1
termaab,1
termaac,1
termaae,1
termaai,1
termaak,1
termaal,1
termaap,1
termaar,1
termaas,1
termaax,1
termaaz,1
termabc,1
termabd,1
termabg,1
termabh,1
termabj,1
termabp,1
termabr,1
termabx,1
termacd,1
termacg,1
termaci,1
termack,1
termacn,1
termaco,1
termacq,1
termacr,1
termacx,1
termada,1
termadb,1
termadd,1
termade,1
termadh,1
termadn,1
termado,1
termadq,1
termadr,1
termadv,1
termady,1
termadz,1
termaea,1
termaec,1
termaeh,1
termaei,1
termaej,1
termaeo,1
termaep,1
termaev,1
termaew,1
termaey,1
termafa,1
termafc,1
termafd,1
termaff,1
termafi,1
termafm,1
termafo,1
termafr,1
termafv,1
termafy,1
termagb,1
termagd,1
termage,1
termagh,1
termagl,1
termagn,1
termags,1
termagt,1
termagu,1
termagw,1
termagx,1
termagy,1
termaha,1
termahc,1
termahe,1
termahg,1
termahi,1
termahj,1
termahl,1
termahn,1
termahr,1
termahv,1
termahw,1
termahx,1
termahz,1
termaia,1
termaic,1
termaid,1
termaie,1
termaif,1
termaig,1
termaih,1
termaik,1
termaip,1
termaiq,1
termaiv,1
termaix,1
termaiy,1
termaja,1
termajb,1
termajc,1
termajg,1
termajh,1
termaji,1
termajj,1
termajo,1
termajt,1
termajx,1
termakb,1
termakd,1
termakh,1
termakl,1
termakm,1
termakn,1
termako,1
termakp,1
termaku,1
termakv,1
termaky,1
termala,1
termald,1
termale,1
termalf,1
termalj,1
termalk,1
termall,1
termaln,1
termalo,1
termalp,1
termalr,1
termalu,1
termalw,1
termalz,1
termamb,1
termamc,1
termamf,1
termami,1
termamj,1
termamk,1
termamo,1
termamr,1
termams,1
termamz,1
termana,1
termane,1
termang,1
termanj,1
termanl,1
termanm,1
termann,1
termanq,1
termant,1
termanu,1
termanx,1
termaod,1
termaoe,1
termaof,1
termaoh,1
termaoi,1
termaom,1
termaop,1
termaor,1
termaos,1
termaot,1
termaou,1
termaov,1
termaoz,1
termape,1
termapg,1
termapm,1
termapo,1
termapy,1
termapz,1
termaqh,1
termaqm,1
termaqp,1
termaqy,1
termara,1
termarc,1
termard,1
termare,1
termarf,1
termarh,1
termarm,1
termarn,1
termarr,1
termars,1
termaru,1
termary,1
termarz,1
termasc,1
termasd,1
termase,1
termasm,1
termasp,1
termasq,1
termasr,1
termass,1
termast,1
termasu,1
termasw,1
termasz,1
termata,1
termatf,1
termatg,1
termati,1
termatk,1
termatm,1
termato,1
termatt,1
termatu,1
termatv,1
termatw,1
termatx,1
termaty,1
termaua,1
termaub,1
termauc,1
termaue,1
termauf,1
termaui,1
termauj,1
termaun,1
termauo,1
termaus,1
termauu,1
termavb,1
termavc,1
termavd,1
termavf,1
termavg,1
termavh,1
termavj,1
termavk,1
termavm,1
termavn,1
termavo,1
termavs,1
termavt,1
termavu,1
termavx,1
termawa,1
termawe,1
termawf,1
termawo,1
termawp,1
termawr,1
termaws,1
termawt,1
termawv,1
termaww,1
termawx,1
termawy,1
termaxa,1
termaxc,1
termaxd,1
termaxe,1
termaxf,1
termaxk,1
termaxl,1
termaxp,1
termaxr,1
termaxt,1
termaxu,1
termayb,1
termayc,1
termayd,1
termaye,1
termayi,1
termayk,1
termayl,1
termayn,1
termayo,1
termayp,1
termays,1
termayt,1
termayv,1
termayw,1
termayy,1
termazc,1
termaze,1
termazg,1
termazj,1
termazp,1
termazv,1
termazw,1
termazx,1
termazz,1
termbab,1
termbac,1
termbae,1
termbah,1
termbaj,1
termbak,1
termbal,1
termban,1
termbap,1
termbau,1
termbaw,1
termbax,1
termbaz,1
termbbb,1
termbbc,1
termbbh,1
termbbk,1
termbbo,1
termbbt,1
termbbu,1
termbbv,1
termbbw,1
termbbx,1
termbby,1
termbbz,1
termbca,1
termbcd,1
termbce,1
termbcg,1
termbch,1
termbci,1
termbcm,1
termbco,1
termbcs,1
termbcu,1
termbcv,1
termbcw,1
termbcy,1
termbcz,1
termbdb,1
termbdf,1
termbdh,1
termbdk,1
termbdl,1
termbdm,1
termbdp,1
termbdr,1
termbdt,1
termbdu,1
termbdx,1
termbdy,1
termbee,1
termbef,1
termbeh,1
termbeq,1
termbeu,1
termbew,1
termbex,1
termbey,1
termbfa,1
termbfd,1
termbfi,1
termbfk,1
termbfn,1
termbfo,1
termbfr,1
termbfs,1
termbft,1
termbfu,1
termbfw,1
termbfy,1
termbgm,1
termbgn,1
termbgo,1
termbgv,1
termbgy,1
termbgz,1
termbhg,1
termbhh,1
termbhi,1
termbhj,1
termbhk,1
termbhm,1
termbhn,1
termbho,1
termbhp,1
termbhq,1
termbhu,1
termbib,1
termbid,1
termbif,1
termbim,1
termbip,1
termbir,1
termbjb,1
termbjj,1
termbjn,1
termbjo,1
termbjr,1
termbjs,1
termbjt,1
termbju,1
termbjv,1
termbjw,1
termbka,1
termbkb,1
termbkd,1
termbke,1
termbkf,1
termbkk,1
termbkm,1
termbkq,1
termbkt,1
termbku,1
termbkx,1
termblf,1
termbli,1
termblr,1
termblt,1
termblv,1
termblw,1
termbly,1
termbmb,1
termbmc,1
termbme,1
termbml,1
termbmo,1
termbmr,1
termbmv,1
termbnb,1
termbnc,1
termbnd,1
termbng,1
termbni,1
termbnk,1
termbnr,1
termbns,1
termbnu,1
termbnv,1
termbnw,1
termbnx,1
termboa,1
termboc,1
termbof,1
termboi,1
termboj,1
termboq,1
termboy,1
termbpd,1
termbph,1
termbpl,1
termbpm,1
termbpq,1
termbpr,1
termbps,1
termbpy,1
termbqa,1
termbqd,1
termbqg,1
termbqh,1
termbql,1
termbqo,1
termbqq,1
termbqv,1
termbqw,1
termbqx,1
termbqy,1
termbra,1
termbrh,1
termbrn,1
termbrs,1
termbrt,1
termbru,1
termbrv,1
termbsf,1
termbsk,1
termbsl,1
termbsn,1
termbso,1
termbsz,1
termbtb,1
termbth,1
termbti,1
termbtj,1
termbtl,1
termbtq,1
termbtr,1
termbts,1
termbtt,1
termbtu,1
termbub,1
termbuc,1
termbue,1
termbuh,1
termbuk,1
termbul,1
termbum,1
termbuo,1
termbuw,1
termbuz,1
termbvb,1
termbvf,1
termbvh,1
termbvi,1
termbvj,1
termbvq,1
termbvr,1
termbvs,1
termbvt,1
termbvy,1
termbwc,1
termbwe,1
termbwf,1
termbwg,1
termbwi,1
termbwk,1
termbwn,1
termbwo,1
termbwq,1
termbws,1
termbwu,1
termbww,1
termbwx,1
termbxa,1
termbxb,1
termbxc,1
termbxg,1
termbxj,1
termbxk,1
termbxl,1
termbxn,1
termbxo,1
termbxq,1
termbxr,1
termbxs,1
termbxt,1
termbxu,1
termbxw,1
termbxx,1
termbxy,1
termbye,1
termbyg,1
termbyi,1
termbyk,1
termbyl,1
termbym,1
termbyo,1
termbyp,1
termbys,1
termbyt,1
termbyv,1
termbyy,1
termbzi,1
termbzk,1
termbzs,1
termbzt,1
termbzu,1
termbzv,1
termbzw,1
termbzx,1
termbzz,1
termcaa,1
termcab,1
termcad,1
termcah,1
termcaj,1
termcal,1
termcan,1
termcau,1
termcax,1
termcaz,1
termcbe,1
termcbg,1
termcbj,1
termcbm,1
termcbq,1
termcbs,1
termcbt,1
termcby,1
termccb,1
termccd,1
termcce,1
termccf,1
termccg,1
termcco,1
termccp,1
termcct,1
termccu,1
termccz,1
termcdc,1
termcdd,1
termcdk,1
termcds,1
termcdw,1
termcdx,1
termcdz,1
termcec,1
termcef,1
termceg,1
termcei,1
termcej,1
termcep,1
termcer,1
termcet,1
termcey,1
termcfb,1
termcfc,1
termcff,1
termcfk,1
termcfm,1
termcfn,1
termcfo,1
termcfq,1
termcfs,1
termcft,1
termcfu,1
termcfv,1
termcgd,1
termcgf,1
termcgh,1
termcgi,1
termcgo,1
termcgp,1
termcgu,1
termcgw,1
termcgy,1
termcgz,1
termche,1
termchj,1
termchl,1
termcho,1
termchp,1
termchr,1
termchu,1
termchv,1
termcid,1
termcie,1
termcif,1
termcih,1
termcij,1
termcin,1
termcio,1
termciq,1
termcit,1
termcjd,1
termcje,1
termcjg,1
termcji,1
termcjk,1
termcjo,1
termcjp,1
termcjr,1
termcjt,1
termcju,1
termcjz,1
termcka,1
termckc,1
termckf,1
termckh,1
termcki,1
termckk,1
termckr,1
termcks,1
termckt,1
termcku,1
termckv,1
termclc,1
termcle,1
termcll,1
termclm,1
termclo,1
termclq,1
termcls,1
termclw,1
termcly,1
termcmc,1
termcmd,1
termcme,1
termcmf,1
termcmh,1
termcmi,1
termcmj,1
termcmk,1
termcmq,1
termcmt,1
termcmu,1
termcmv,1
termcmw,1
termcmx,1
termcmy,1
termcni,1
termcnj,1
termcnk,1
termcnl,1
termcnp,1
termcnu,1
termcnv,1
termcnw,1
termcnx,1
termcnz,1
termcoa,1
termcoh,1
termcoi,1
termcoj,1
termcol,1
termcom,1
termcoo,1
termcop,1
termcos,1
termcou,1
termcov,1
termcoy,1
termcpd,1
termcpf,1
termcpi,1
termcpj,1
termcpl,1
termcpm,1
termcpw,1
termcpy,1
termcpz,1
termcqh,1
termcqi,1
termcql,1
termcqm,1
termcqp,1
termcqt,1
termcqv,1
termcqy,1
termcqz,1
termcrd,1
termcre,1
termcrg,1
termcrh,1
termcri,1
termcrk,1
termcrs,1
termcru,1
termcsb,1
termcsp,1
termcsq,1
termcsr,1
termcss,1
termcst,1
termcsv,1
termcsw,1
termcsx,1
termcsz,1
termcta,1
termctb,1
termctd,1
termcte,1
termcti,1
termctj,1
termctl,1
termctn,1
termctp,1
termctr,1
termcts,1
termctv,1
termctw,1
termctx,1
termctz,1
termcub,1
termcui,1
termcuk,1
termcuq,1
termcur,1
termcut,1
termcuu,1
termcuy,1
termcuz,1
termcvb,1
termcvc,1
termcvd,1
termcve,1
termcvh,1
termcvi,1
termcvl,1
termcvo,1
termcvq,1
termcvr,1
termcvs,1
termcvt,1
termcvw,1
termcvx,1
termcvy,1
termcvz,1
termcwd,1
termcwe,1
termcwh,1
termcwk,1
termcwp,1
termcwr,1
termcwt,1
termcwu,1
termcxa,1
termcxe,1
termcxh,1
termcxj,1
termcxl,1
termcxn,1
termcxt,1
termcxw,1
termcxy,1
termcxz,1
termcyc,1
termcyd,1
termcye,1
termcyi,1
termcyn,1
termcyp,1
termcyr,1
termcys,1
termcyt,1
termcyw,1
termcyy,1
termcyz,1
termczc,1
termczg,1
termczi,1
termczo,1
termczr,1
termczt,1
termczx,1
termczz,1
termdaa,1
termdac,1
termdaf,1
termdag,1
termdak,1
termdan,1
termdao,1
termdaq,1
termdar,1
termdas,1
termdaw,1
termdax,1
termdaz,1
termdbc,1
termdbd,1
termdbg,1
termdbh,1
termdbj,1
termdbk,1
termdbm,1
termdbt,1
termdbw,1
termdbx,1
termdby,1
termdbz,1
termdcg,1
termdck,1
termdcn,1
termdcp,1
termdcr,1
termdcs,1
termdcv,1
termdcw,1
termdcy,1
termdcz,1
termddc,1
termddd,1
termddh,1
termddi,1
termddj,1
termddk,1
termddp,1
termddr,1
termdds,1
termddt,1
termddv,1
termddx,1
termddy,1
termdee,1
termdeg,1
termdej,1
termdel,1
termdep,1
termder,1
termdes,1
termdex,1
termdey,1
termdfa,1
termdfb,1
termdfe,1
termdff,1
termdfg,1
termdfh,1
termdfj,1
termdfk,1
termdfm,1
termdfp,1
termdfq,1
termdfs,1
termdfy,1
termdgp,1
termdgq,1
termdgr,1
termdgs,1
termdgt,1
termdgv,1
termdgx,1
termdgz,1
termdhe,1
termdhi,1
termdhk,1
termdhn,1
termdho,1
termdhs,1
termdhu,1
termdhw,1
termdhx,1
termdia,1
termdib,1
termdih,1
termdik,1
termdin,1
termdio,1
termdip,1
termdiu,1
termdiv,1
termdja,1
termdjf,1
termdji,1
termdjk,1
termdjp,1
termdjv,1
termdkb,1
termdkd,1
termdkl,1
termdko,1
termdkq,1
termdku,1
termdkv,1
termdkz,1
termdld,1
termdlg,1
termdli,1
termdll,1
termdln,1
termdlo,1
termdlt,1
termdlv,1
termdmc,1
termdmd,1
termdme,1
termdmf,1
termdmg,1
termdmj,1
termdml,1
termdmm,1
termdmo,1
termdmp,1
termdmq,1
termdmr,1
termdmt,1
termdmu,1
termdmz,1
termdng,1
termdni,1
termdnj,1
termdnk,1
termdnn,1
termdnq,1
termdnr,1
termdnt,1
termdnw,1
termdoe,1
termdof,1
termdog,1
termdoi,1
termdol,1
termdoq,1
termdor,1
termdou,1
termdpe,1
termdpf,1
termdpj,1
termdpk,1
termdpm,1
termdpr,1
termdpw,1
termdpx,1
termdqc,1
termdqe,1
termdqk,1
termdqr,1
termdqs,1
termdqw,1
termdqy,1
termdqz,1
termdre,1
termdrf,1
termdrl,1
termdrp,1
termdrr,1
termdru,1
termdrw,1
termdrx,1
termdry,1
termdsb,1
termdsc,1
termdsd,1
termdsf,1
termdsg,1
termdsh,1
termdsi,1
termdsj,1
termdsk,1
termdsl,1
termdsm,1
termdso,1
termdsp,1
termdsw,1
termdsz,1
termdtc,1
termdtd,1
termdte,1
termdtf,1
termdtg,1
termdth,1
termdtn,1
termdtq,1
termdts,1
termdtt,1
termdtu,1
termdtv,1
termdtx,1
termdue,1
termdug,1
termduj,1
termduk,1
termdus,1
termdvd,1
termdve,1
termdvg,1
termdvi,1
termdvs,1
termdvt,1
termdvv,1
termdvw,1
termdvz,1
termdwa,1
termdwh,1
termdwk,1
termdwu,1
termdww,1
termdwx,1
termdxa,1
termdxc,1
termdxe,1
termdxg,1
termdxh,1
termdxj,1
termdxm,1
termdxo,1
termdxq,1
termdxy,1
termdya,1
termdyb,1
termdye,1
termdyg,1
termdyh,1
termdyi,1
termdyj,1
termdyn,1
termdyp,1
termdyy,1
termdzb,1
termdzf,1
termdzh,1
termdzj,1
termdzk,1
termdzl,1
termdzp,1
termdzr,1
termdzs,1
termdzy,1
termdzz,1
termeaf,1
termeaj,1
termeam,1
termeap,1
termear,1
termeav,1
termeaw,1
termeax,1
termeay,1
termebc,1
termebg,1
termebj,1
termebo,1
termebp,1
termebq,1
valueanalysis,1
valuebridge,1
valuedialog,1
valueeffort,1
valuefield,1
valueframe,1
valuematch,1
valuenetwork,1
valuepath,1
valuerecord,1
valueroute,1
valuesignal,1
valuesystem,1
valuetrack,1
valueview,1
